timestamp_ms,NOSE_x,NOSE_y,NOSE_z,LEFT_EYE_INNER_x,LEFT_EYE_INNER_y,LEFT_EYE_INNER_z,LEFT_EYE_x,LEFT_EYE_y,LEFT_EYE_z,LEFT_EYE_OUTER_x,LEFT_EYE_OUTER_y,LEFT_EYE_OUTER_z,RIGHT_EYE_INNER_x,RIGHT_EYE_INNER_y,RIGHT_EYE_INNER_z,RIGHT_EYE_x,RIGHT_EYE_y,RIGHT_EYE_z,RIGHT_EYE_OUTER_x,RIGHT_EYE_OUTER_y,RIGHT_EYE_OUTER_z,LEFT_EAR_x,LEFT_EAR_y,LEFT_EAR_z,RIGHT_EAR_x,RIGHT_EAR_y,RIGHT_EAR_z,MOUTH_LEFT_x,MOUTH_LEFT_y,MOUTH_LEFT_z,MOUTH_RIGHT_x,MOUTH_RIGHT_y,MOUTH_RIGHT_z,LEFT_SHOULDER_x,LEFT_SHOULDER_y,LEFT_SHOULDER_z,RIGHT_SHOULDER_x,RIGHT_SHOULDER_y,RIGHT_SHOULDER_z,LEFT_ELBOW_x,LEFT_ELBOW_y,LEFT_ELBOW_z,RIGHT_ELBOW_x,RIGHT_ELBOW_y,RIGHT_ELBOW_z,LEFT_WRIST_x,LEFT_WRIST_y,LEFT_WRIST_z,RIGHT_WRIST_x,RIGHT_WRIST_y,RIGHT_WRIST_z,LEFT_PINKY_x,LEFT_PINKY_y,LEFT_PINKY_z,RIGHT_PINKY_x,RIGHT_PINKY_y,RIGHT_PINKY_z,LEFT_INDEX_x,LEFT_INDEX_y,LEFT_INDEX_z,RIGHT_INDEX_x,RIGHT_INDEX_y,RIGHT_INDEX_z,LEFT_THUMB_x,LEFT_THUMB_y,LEFT_THUMB_z,RIGHT_THUMB_x,RIGHT_THUMB_y,RIGHT_THUMB_z,LEFT_HIP_x,LEFT_HIP_y,LEFT_HIP_z,RIGHT_HIP_x,RIGHT_HIP_y,RIGHT_HIP_z,LEFT_KNEE_x,LEFT_KNEE_y,LEFT_KNEE_z,RIGHT_KNEE_x,RIGHT_KNEE_y,RIGHT_KNEE_z,LEFT_ANKLE_x,LEFT_ANKLE_y,LEFT_ANKLE_z,RIGHT_ANKLE_x,RIGHT_ANKLE_y,RIGHT_ANKLE_z,LEFT_HEEL_x,LEFT_HEEL_y,LEFT_HEEL_z,RIGHT_HEEL_x,RIGHT_HEEL_y,RIGHT_HEEL_z,LEFT_FOOT_INDEX_x,LEFT_FOOT_INDEX_y,LEFT_FOOT_INDEX_z,RIGHT_FOOT_INDEX_x,RIGHT_FOOT_INDEX_y,RIGHT_FOOT_INDEX_z
0,0.46453729271888733,0.2970637083053589,-1.3116354942321777,0.48193594813346863,0.24404585361480713,-1.2760165929794312,0.49209684133529663,0.2428601235151291,-1.2760730981826782,0.5024847984313965,0.2436346560716629,-1.2760450839996338,0.4456130862236023,0.25177645683288574,-1.2752832174301147,0.43280869722366333,0.2550411820411682,-1.275634527206421,0.42152050137519836,0.2577604651451111,-1.2761378288269043,0.5228579044342041,0.2646401524543762,-0.9597593545913696,0.40955671668052673,0.27404749393463135,-0.9486251473426819,0.488497793674469,0.3507450819015503,-1.1860442161560059,0.44283682107925415,0.36004990339279175,-1.1842068433761597,0.6224762797355652,0.5071145296096802,-0.6988822817802429,0.3247631788253784,0.5315457582473755,-0.6719889044761658,0.6474328637123108,0.9452294111251831,-0.8255809545516968,0.314621239900589,0.9233681559562683,-0.7511019110679626,,,,,,,,,,,,,,,,,,,,,,,,,,,,,,,,,,,,,,,,,,,,,,,,,,,,,,
41,0.46451517939567566,0.29745420813560486,-1.2645423412322998,0.48149219155311584,0.2443922609090805,-1.2312296628952026,0.49142953753471375,0.24313464760780334,-1.2311360836029053,0.5016394853591919,0.24381104111671448,-1.2310839891433716,0.44558948278427124,0.25198590755462646,-1.2343592643737793,0.43280571699142456,0.25514304637908936,-1.2344744205474854,0.4215250611305237,0.2578217387199402,-1.2348731756210327,0.5211487412452698,0.26470035314559937,-0.9068244695663452,0.4095615744590759,0.274885356426239,-0.9128484129905701,0.4883175492286682,0.35072556138038635,-1.1351348161697388,0.4429697096347809,0.35993990302085876,-1.137574315071106,0.6216029524803162,0.5064864158630371,-0.6337050199508667,0.3254626393318176,0.5316687822341919,-0.6504160165786743,0.6461421251296997,0.9229578375816345,-0.6399832367897034,0.31671497225761414,0.9225979447364807,-0.6799351572990417,,,,,,,,,,,,,,,,,,,,,,,,,,,,,,,,,,,,,,,,,,,,,,,,,,,,,,
83,0.46438413858413696,0.2970728576183319,-1.0989938974380493,0.48112723231315613,0.2437911480665207,-1.0649372339248657,0.4908135235309601,0.24262672662734985,-1.0649573802947998,0.5010017156600952,0.24336601793766022,-1.0649172067642212,0.4455554783344269,0.2510679364204407,-1.0682491064071655,0.4328081011772156,0.25394731760025024,-1.0682168006896973,0.4215345084667206,0.2566491663455963,-1.0686182975769043,0.520316481590271,0.26463112235069275,-0.74452805519104,0.40957143902778625,0.27487748861312866,-0.7485060095787048,0.4879297614097595,0.34900155663490295,-0.9708903431892395,0.4429754316806793,0.35663843154907227,-0.9724675416946411,0.6202893853187561,0.505105197429657,-0.4978477656841278,0.32685792446136475,0.5308994054794312,-0.4841284155845642,0.6434244513511658,0.9110962748527527,-0.49407899379730225,0.3196792006492615,0.9182642698287964,-0.4173700213432312,,,,,,,,,,,,,,,,,,,,,,,,,,,,,,,,,,,,,,,,,,,,,,,,,,,,,,
125,0.46456241607666016,0.29759228229522705,-1.1261773109436035,0.4813062250614166,0.2446119785308838,-1.0891410112380981,0.49095624685287476,0.24344171583652496,-1.0891592502593994,0.5011650323867798,0.24399308860301971,-1.0890740156173706,0.4459865391254425,0.25144293904304504,-1.0931649208068848,0.4333721101284027,0.25409558415412903,-1.0931057929992676,0.42204394936561584,0.2566780745983124,-1.093510389328003,0.5203057527542114,0.264669269323349,-0.7498751282691956,0.41004040837287903,0.27490928769111633,-0.7576219439506531,0.48804202675819397,0.34902068972587585,-0.9914194345474243,0.44347789883613586,0.3561784625053406,-0.9942700862884521,0.6202694177627563,0.5049963593482971,-0.495572954416275,0.32706156373023987,0.5308487415313721,-0.4939787685871124,0.6425057649612427,0.9141005873680115,-0.5595144033432007,0.3217950165271759,0.9177518486976624,-0.49765363335609436,,,,,,,,,,,,,,,,,,,,,,,,,,,,,,,,,,,,,,,,,,,,,,,,,,,,,,
166,0.4640522599220276,0.29811057448387146,-1.1887692213058472,0.48119398951530457,0.24540521204471588,-1.1575745344161987,0.49092116951942444,0.2444944828748703,-1.1577544212341309,0.5010710954666138,0.24527350068092346,-1.1578274965286255,0.44575172662734985,0.25154393911361694,-1.162731409072876,0.4332025647163391,0.25410032272338867,-1.1630158424377441,0.4219522476196289,0.25660255551338196,-1.1635310649871826,0.5202366709709167,0.2652747929096222,-0.8000339269638062,0.4101681709289551,0.2749144434928894,-0.8230518698692322,0.48777103424072266,0.34928756952285767,-1.0394062995910645,0.44282853603363037,0.3560353219509125,-1.0468735694885254,0.620255708694458,0.5044506192207336,-0.5514978766441345,0.32708826661109924,0.5308273434638977,-0.5318008661270142,0.6423637866973877,0.9153504967689514,-0.6313801407814026,0.3227652609348297,0.9163638949394226,-0.5598942637443542,,,,,,,,,,,,,,,,,,,,,,,,,,,,,,,,,,,,,,,,,,,,,,,,,,,,,,
208,0.4643055200576782,0.3026038110256195,-1.0330862998962402,0.4813426434993744,0.2518879473209381,-0.9987203478813171,0.490967720746994,0.2510946989059448,-0.9988383054733276,0.5011265873908997,0.25097474455833435,-0.998721182346344,0.44608646631240845,0.2565479576587677,-1.00398850440979,0.43366673588752747,0.25819697976112366,-1.0038849115371704,0.42242568731307983,0.26009267568588257,-1.0043021440505981,0.5197448134422302,0.26698216795921326,-0.6709352135658264,0.41027724742889404,0.2766682803630829,-0.6835082173347473,0.4877253472805023,0.3536369800567627,-0.9014650583267212,0.44321712851524353,0.35945647954940796,-0.9059534668922424,0.6199855804443359,0.5045018792152405,-0.4312751591205597,0.3271385431289673,0.5302004218101501,-0.4289916157722473,0.6420282125473022,0.9138007760047913,-0.5074483752250671,0.3226933777332306,0.9158822298049927,-0.4273296892642975,,,,,,,,,,,,,,,,,,,,,,,,,,,,,,,,,,,,,,,,,,,,,,,,,,,,,,
250,0.46647968888282776,0.31278982758522034,-1.0405128002166748,0.4831707775592804,0.26106879115104675,-1.0253300666809082,0.49237528443336487,0.26033511757850647,-1.0258928537368774,0.5026236176490784,0.25960513949394226,-1.02652108669281,0.44807168841362,0.2644710838794708,-1.059746503829956,0.4356149733066559,0.2651640772819519,-1.0605676174163818,0.42404139041900635,0.26631003618240356,-1.0609997510910034,0.5199652910232544,0.2708195745944977,-0.7315263748168945,0.4105672836303711,0.2799088954925537,-0.7585640549659729,0.4883865416049957,0.36375200748443604,-0.9619852900505066,0.44509726762771606,0.37034857273101807,-0.9363096356391907,0.6199699640274048,0.5029738545417786,-0.5033482909202576,0.326730340719223,0.5300121903419495,-0.4646800756454468,0.6423516869544983,0.9144066572189331,-0.5739343762397766,0.3254777789115906,0.9192076325416565,-0.5074790120124817,0.5218573212623596,1.0013490915298462,-1.0131264925003052,,,,,,,,,,,,,,,,,,,,,,,,,,,,,,,,,,,,,,,,,,,,,,,,,,,
291,0.46695858240127563,0.31388264894485474,-1.0570095777511597,0.4833012819290161,0.2623744010925293,-1.022797703742981,0.4925214350223541,0.2615853548049927,-1.0230015516281128,0.5028969049453735,0.26095467805862427,-1.0229825973510742,0.44846832752227783,0.2659205496311188,-1.032625436782837,0.43621763586997986,0.2666075825691223,-1.0326862335205078,0.4246675372123718,0.26802873611450195,-1.0331459045410156,0.5199764370918274,0.2717442214488983,-0.6831086874008179,0.41057464480400085,0.2818693518638611,-0.7044267058372498,0.4885079264640808,0.36425793170928955,-0.9241188168525696,0.4459792971611023,0.37122464179992676,-0.9277051687240601,0.619422972202301,0.5025945901870728,-0.42195403575897217,0.3271809220314026,0.5293081998825073,-0.43455490469932556,0.6416469216346741,0.9111238121986389,-0.479621946811676,0.32536330819129944,0.9149022102355957,-0.4378570020198822,0.5209497213363647,0.9994605183601379,-0.9272986650466919,,,,,,,,,,,,,,,,,,,,,,,,,,,,,,,,,,,,,,,,,,,,,,,,,,,
333,0.4700581729412079,0.32117289304733276,-1.1211373805999756,0.4858432114124298,0.2681891620159149,-1.0932303667068481,0.4952784776687622,0.26714256405830383,-1.0935338735580444,0.5059292912483215,0.2665625810623169,-1.0934747457504272,0.4504418969154358,0.27146437764167786,-1.1082803010940552,0.4377833902835846,0.2717583477497101,-1.108474850654602,0.4259023070335388,0.2728270888328552,-1.1089717149734497,0.5220382213592529,0.2754899859428406,-0.7091684937477112,0.41059720516204834,0.2843187153339386,-0.7847073674201965,0.4902707040309906,0.3720903694629669,-0.9592195153236389,0.4482705295085907,0.37995052337646484,-0.9823867678642273,0.6193532347679138,0.5008652210235596,-0.4756675064563751,0.3273182809352875,0.5291453003883362,-0.4494653046131134,0.641310453414917,0.911125123500824,-0.5436155200004578,0.3277433216571808,0.9215912222862244,-0.48823294043540955,0.5214401483535767,0.9888812303543091,-1.0357338190078735,,,,,,,,,,,,,,,,,,,,,,,,,,,,,,,,,,,,,,,,,,,,,,,,,,,
375,0.4736242890357971,0.3210545480251312,-1.133337140083313,0.48832806944847107,0.26817700266838074,-1.1031571626663208,0.49836841225624084,0.2671213150024414,-1.103279948234558,0.5085166692733765,0.2666980028152466,-1.1032086610794067,0.4536343216896057,0.27204495668411255,-1.1147133111953735,0.44073665142059326,0.2728709876537323,-1.1148422956466675,0.4284686744213104,0.27447497844696045,-1.1153056621551514,0.5234216451644897,0.27599266171455383,-0.7487126588821411,0.4106684625148773,0.28578686714172363,-0.7923353314399719,0.49211010336875916,0.3723582327365875,-0.9866451025009155,0.4516643285751343,0.3804217278957367,-1.0006773471832275,0.6194288730621338,0.5007491707801819,-0.4778936207294464,0.3274669349193573,0.5293602347373962,-0.45688554644584656,0.6413190960884094,0.9056761264801025,-0.5610842108726501,0.3291614353656769,0.9268018007278442,-0.536865770816803,0.5277130603790283,0.9893295764923096,-1.064228892326355,,,,,,,,,,,,,,,,,,,,,,,,,,,,,,,,,,,,,,,,,,,,,,,,,,,
417,0.47352808713912964,0.3235968351364136,-1.1086866855621338,0.48828017711639404,0.2704583406448364,-1.0792887210845947,0.4983011782169342,0.26884645223617554,-1.0793462991714478,0.5084882974624634,0.26821979880332947,-1.0793240070343018,0.45331716537475586,0.2758713364601135,-1.0888694524765015,0.44029712677001953,0.277174711227417,-1.0889207124710083,0.428081214427948,0.2786383330821991,-1.0893936157226562,0.5234678387641907,0.27665063738822937,-0.736864447593689,0.41067779064178467,0.2871457040309906,-0.7703410983085632,0.4921731650829315,0.37264060974121094,-0.966306746006012,0.45155927538871765,0.3831578493118286,-0.9764196276664734,0.6197603940963745,0.5007455348968506,-0.44627711176872253,0.32768112421035767,0.5291497707366943,-0.48593515157699585,0.6413176655769348,0.904050886631012,-0.5171687602996826,0.32851919531822205,0.9263853430747986,-0.4854121208190918,0.5451651215553284,1.0128475427627563,-1.0044299364089966,,,,,,,,,,,,,,,,,,,,,,,,,,,,,,,,,,,,,,,,,,,,,,,,,,,
458,0.47339561581611633,0.3303356170654297,-0.9699738621711731,0.4882901608943939,0.2777782678604126,-0.94029700756073,0.4984185993671417,0.2758740186691284,-0.9405507445335388,0.5085538029670715,0.27420830726623535,-0.9405971169471741,0.4531501233577728,0.28330421447753906,-0.9458933472633362,0.4401127099990845,0.28442084789276123,-0.9459937810897827,0.42791318893432617,0.28548502922058105,-0.9464770555496216,0.5238463282585144,0.2793320119380951,-0.6063206791877747,0.4108009934425354,0.2904486656188965,-0.6207908391952515,0.49248006939888,0.37783193588256836,-0.8295565843582153,0.4515068233013153,0.3906421959400177,-0.8344268798828125,0.6199857592582703,0.4996574819087982,-0.3293321430683136,0.329385906457901,0.5285358428955078,-0.3298962712287903,0.6412900686264038,0.8757146000862122,-0.35986268520355225,0.3307807743549347,0.8820730447769165,-0.26681768894195557,0.5467258095741272,0.9974079132080078,-0.7876213788986206,,,,,,,,,,,,,,,,,,,,,,,,,,,,,,,,,,,,,,,,,,,,,,,,,,,
500,0.47475889325141907,0.33640822768211365,-1.0141648054122925,0.48946577310562134,0.281084805727005,-0.9951909184455872,0.4995632469654083,0.27929210662841797,-0.9956271648406982,0.5102034211158752,0.2775873839855194,-0.9963687062263489,0.4537963569164276,0.2863103151321411,-1.0179836750030518,0.4405883252620697,0.28737327456474304,-1.0182207822799683,0.4283926784992218,0.28830835223197937,-1.018855333328247,0.5245179533958435,0.28167521953582764,-0.6345070004463196,0.4108610153198242,0.29188644886016846,-0.7094981074333191,0.4941641390323639,0.3841172158718109,-0.8503195643424988,0.4528006911277771,0.3975868225097656,-0.864560067653656,0.6209520101547241,0.5007513165473938,-0.3976452052593231,0.3300088942050934,0.5280358791351318,-0.42249515652656555,0.6408089399337769,0.8791517019271851,-0.4121387302875519,0.3314972221851349,0.8830065131187439,-0.38424578309059143,,,,,,,,,,,,,,,,,,,,,,,,,,,,,,,,,,,,,,,,,,,,,,,,,,,,,,
542,0.473821759223938,0.3448556661605835,-1.0326244831085205,0.4891393482685089,0.2882353663444519,-1.0091787576675415,0.499465674161911,0.28566989302635193,-1.0093475580215454,0.5099087357521057,0.28316256403923035,-1.0095065832138062,0.4531521797180176,0.2948587238788605,-1.0181959867477417,0.44010791182518005,0.29585161805152893,-1.0182768106460571,0.42803722620010376,0.2967173755168915,-1.0188122987747192,0.5245169401168823,0.28545495867729187,-0.670049786567688,0.41102415323257446,0.29778870940208435,-0.6993910670280457,0.494071364402771,0.39020776748657227,-0.8877701163291931,0.45274481177330017,0.40417107939720154,-0.8950271010398865,0.6211553812026978,0.5007562041282654,-0.37854301929473877,0.3315523564815521,0.5244165062904358,-0.41980913281440735,0.6415624618530273,0.8679227828979492,-0.3704838454723358,0.3316749036312103,0.8799992203712463,-0.39595699310302734,,,,,,,,,,,,,,,,,,,,,,,,,,,,,,,,,,,,,,,,,,,,,,,,,,,,,,
583,0.47656574845314026,0.3526265025138855,-1.4101371765136719,0.4908892810344696,0.29420700669288635,-1.3852193355560303,0.5010136961936951,0.2914971113204956,-1.385280966758728,0.5116873383522034,0.28915125131607056,-1.3854773044586182,0.454921692609787,0.29997891187667847,-1.39549720287323,0.4415748715400696,0.30070942640304565,-1.3958394527435303,0.42936861515045166,0.30123698711395264,-1.3963481187820435,0.5252752304077148,0.2908865809440613,-1.0297619104385376,0.411458820104599,0.30087190866470337,-1.0707108974456787,0.4958551824092865,0.3998152017593384,-1.2577577829360962,0.4551449716091156,0.4129660725593567,-1.27034592628479,0.6216729879379272,0.5011980533599854,-0.6694978475570679,0.3318394720554352,0.5244890451431274,-0.739431619644165,0.6413808465003967,0.8798257112503052,-0.7168589234352112,0.33235102891921997,0.8805835247039795,-0.7074958682060242,,,,,,,,,,,,,,,,,,,,,,,,,,,,,,,,,,,,,,,,,,,,,,,,,,,,,,
625,0.47635477781295776,0.35932254791259766,-1.4209328889846802,0.49086517095565796,0.29818856716156006,-1.3979421854019165,0.5009884238243103,0.29561522603034973,-1.397992491722107,0.511559009552002,0.29352110624313354,-1.3981032371520996,0.4541622996330261,0.3054589629173279,-1.4031084775924683,0.44043394923210144,0.30658435821533203,-1.4033900499343872,0.4283573031425476,0.3074027895927429,-1.4039314985275269,0.5254146456718445,0.29513630270957947,-1.0523464679718018,0.41143932938575745,0.30540746450424194,-1.0691149234771729,0.4958275854587555,0.40767335891723633,-1.2731037139892578,0.4550257921218872,0.42125171422958374,-1.2791017293930054,0.6218364238739014,0.5022010803222656,-0.6887999176979065,0.331885427236557,0.5219900012016296,-0.7185888290405273,0.6406148076057434,0.8838277459144592,-0.691694974899292,0.33258056640625,0.8823407292366028,-0.7085578441619873,,,,,,,,,,,,,,,,,,,,,,,,,,,,,,,,,,,,,,,,,,,,,,,,,,,,,,
667,0.4762245714664459,0.36294111609458923,-1.449802041053772,0.4908279478549957,0.3034456968307495,-1.4207786321640015,0.5009467005729675,0.3004014194011688,-1.4209965467453003,0.5113886594772339,0.29768577218055725,-1.4211350679397583,0.4540542662143707,0.31393879652023315,-1.4262093305587769,0.4402119517326355,0.31680023670196533,-1.4264938831329346,0.4282059371471405,0.3187035620212555,-1.4270459413528442,0.5253244638442993,0.2992840111255646,-1.04689359664917,0.4115743339061737,0.32230323553085327,-1.0637038946151733,0.4958851635456085,0.4100484549999237,-1.2925060987472534,0.45494288206100464,0.4251224994659424,-1.2988733053207397,0.6222402453422546,0.5023559331893921,-0.6854488849639893,0.33250728249549866,0.5238243937492371,-0.6885698437690735,0.6428382992744446,0.8841776251792908,-0.7802749872207642,0.33343711495399475,0.8836461901664734,-0.6806293725967407,,,,,,,,,,,,,,,,,,,,,,,,,,,,,,,,,,,,,,,,,,,,,,,,,,,,,,
709,0.4778205454349518,0.3670152425765991,-1.430506944656372,0.49215269088745117,0.30739545822143555,-1.4029163122177124,0.5019805431365967,0.3042539954185486,-1.4030468463897705,0.5123922228813171,0.3015799820423126,-1.4032611846923828,0.4556451737880707,0.3169730007648468,-1.4099787473678589,0.4417467713356018,0.31945863366127014,-1.4102822542190552,0.4295378625392914,0.3211185932159424,-1.4107974767684937,0.525810956954956,0.30305585265159607,-1.0390236377716064,0.4126044809818268,0.3229599893093109,-1.06500244140625,0.4966673254966736,0.4138655662536621,-1.2763559818267822,0.4563943147659302,0.42836281657218933,-1.2851780652999878,0.6223964095115662,0.5029370188713074,-0.6886080503463745,0.3333739936351776,0.5236434936523438,-0.7102723717689514,0.6428993940353394,0.8835613131523132,-0.785256564617157,0.3345295488834381,0.8804776072502136,-0.7372677326202393,,,,,,,,,,,,,,,,,,,,,,,,,,,,,,,,,,,,,,,,,,,,,,,,,,,,,,
750,0.47776859998703003,0.36961236596107483,-1.3713246583938599,0.49213293194770813,0.3113522529602051,-1.3416212797164917,0.5019882917404175,0.3079126179218292,-1.3417351245880127,0.5123471617698669,0.3049093186855316,-1.3418246507644653,0.45562419295310974,0.3206247389316559,-1.3481749296188354,0.4417347013950348,0.3230052590370178,-1.3483942747116089,0.4295958876609802,0.32465097308158875,-1.3488996028900146,0.5258327722549438,0.3057486414909363,-0.9848734140396118,0.4132022559642792,0.32563474774360657,-1.0110881328582764,0.4968450665473938,0.4164244830608368,-1.220052719116211,0.4564831554889679,0.4302106201648712,-1.2274194955825806,0.6229099035263062,0.5039318203926086,-0.6490105390548706,0.33394134044647217,0.5236807465553284,-0.6726025938987732,0.6428901553153992,0.883943498134613,-0.6835888028144836,0.33260899782180786,0.8793643116950989,-0.6813270449638367,,,,,,,,,,,,,,,,,,,,,,,,,,,,,,,,,,,,,,,,,,,,,,,,,,,,,,
792,0.478191077709198,0.3782166540622711,-1.373060941696167,0.49242502450942993,0.3193833827972412,-1.3489283323287964,0.5022300481796265,0.315816730260849,-1.3490675687789917,0.5124062299728394,0.31294509768486023,-1.3493403196334839,0.45622044801712036,0.32807454466819763,-1.3578827381134033,0.4425634741783142,0.329788476228714,-1.358207106590271,0.4305071532726288,0.330415278673172,-1.3587247133255005,0.5255632996559143,0.31062743067741394,-1.0027521848678589,0.4141564667224884,0.3266279995441437,-1.0384441614151,0.4969806969165802,0.4221787750720978,-1.2236450910568237,0.4572361707687378,0.43432435393333435,-1.2345410585403442,0.6229238510131836,0.503966748714447,-0.6480149626731873,0.3342081606388092,0.5226215720176697,-0.7041744589805603,0.6428821682929993,0.8856666088104248,-0.6871680021286011,0.33258116245269775,0.8799734711647034,-0.6883859634399414,,,,,,,,,,,,,,,,,,,,,,,,,,,,,,,,,,,,,,,,,,,,,,,,,,,,,,
834,0.4807606041431427,0.37672582268714905,-1.3905497789382935,0.49412745237350464,0.3181956112384796,-1.3657605648040771,0.50386643409729,0.31476670503616333,-1.3658826351165771,0.5142114758491516,0.3120163679122925,-1.3660715818405151,0.45943352580070496,0.32663244009017944,-1.3761194944381714,0.44591814279556274,0.3283441960811615,-1.3764359951019287,0.43331772089004517,0.32911717891693115,-1.3769620656967163,0.5267679691314697,0.31090065836906433,-1.0165661573410034,0.4147372245788574,0.32628196477890015,-1.0581705570220947,0.49829500913619995,0.4212949573993683,-1.2415754795074463,0.4594947099685669,0.43360912799835205,-1.2545857429504395,0.6244066953659058,0.5073897242546082,-0.6669684052467346,0.3344220817089081,0.5240675210952759,-0.7274733185768127,0.6442961096763611,0.9048908948898315,-0.7568880319595337,0.3342156410217285,0.8988893628120422,-0.7410863637924194,,,,,,,,,,,,,,,,,,,,,,,,,,,,,,,,,,,,,,,,,,,,,,,,,,,,,,
875,0.4799289405345917,0.3794981837272644,-1.383915662765503,0.49371978640556335,0.3220403790473938,-1.3644275665283203,0.5037389993667603,0.31855255365371704,-1.3645051717758179,0.5140823125839233,0.3154328465461731,-1.3647269010543823,0.4582895338535309,0.33018121123313904,-1.37191641330719,0.44492530822753906,0.33145037293434143,-1.3722350597381592,0.4327487349510193,0.33187994360923767,-1.3727691173553467,0.5271071791648865,0.31278684735298157,-1.0314103364944458,0.41478192806243896,0.32778698205947876,-1.0581551790237427,0.49827268719673157,0.42449623346328735,-1.238249659538269,0.4591479003429413,0.4359643757343292,-1.2473009824752808,0.6245771646499634,0.5076138377189636,-0.67210853099823,0.3346691131591797,0.523892343044281,-0.7302000522613525,0.6422894597053528,0.9045564532279968,-0.7327708601951599,0.33414778113365173,0.8985792994499207,-0.70960932970047,,,,,,,,,,,,,,,,,,,,,,,,,,,,,,,,,,,,,,,,,,,,,,,,,,,,,,
917,0.4829895794391632,0.37855973839759827,-1.2374387979507446,0.495498925447464,0.32035472989082336,-1.215854525566101,0.5053243637084961,0.3168516755104065,-1.2158873081207275,0.5158033967018127,0.31380555033683777,-1.2160648107528687,0.46105560660362244,0.3290313482284546,-1.2279784679412842,0.44771021604537964,0.33081647753715515,-1.2281402349472046,0.43530282378196716,0.33167415857315063,-1.2286286354064941,0.5278578996658325,0.3116069436073303,-0.8771029114723206,0.41558343172073364,0.32745110988616943,-0.9265164136886597,0.49997633695602417,0.423485666513443,-1.0897327661514282,0.46201780438423157,0.4357738494873047,-1.1043283939361572,0.6256381869316101,0.5075350999832153,-0.5323049426078796,0.33593204617500305,0.5238924622535706,-0.6095159649848938,0.6422717571258545,0.9037126898765564,-0.4905574917793274,0.3340240716934204,0.8974506258964539,-0.5067434906959534,,,,,,,,,,,,,,,,,,,,,,,,,,,,,,,,,,,,,,,,,,,,,,,,,,,,,,
959,0.4857589602470398,0.3777666985988617,-1.4414204359054565,0.49746331572532654,0.31974056363105774,-1.4156965017318726,0.5072272419929504,0.3162822127342224,-1.4158343076705933,0.5177235007286072,0.31327375769615173,-1.416136622428894,0.46377554535865784,0.32820820808410645,-1.428181767463684,0.45042678713798523,0.32998520135879517,-1.4285506010055542,0.4377864599227905,0.3309086561203003,-1.4290831089019775,0.5289164781570435,0.31137633323669434,-1.0511785745620728,0.4168172776699066,0.32723668217658997,-1.1026625633239746,0.5020701289176941,0.42286205291748047,-1.284468412399292,0.4641353189945221,0.43524038791656494,-1.3002324104309082,0.6259016394615173,0.5071983337402344,-0.6865994334220886,0.33594247698783875,0.5254382491111755,-0.7494856715202332,0.6437607407569885,0.9060477018356323,-0.7524845600128174,0.334311306476593,0.9019343852996826,-0.7059504985809326,,,,,,,,,,,,,,,,,,,,,,,,,,,,,,,,,,,,,,,,,,,,,,,,,,,,,,
1000,0.4855603575706482,0.37732192873954773,-1.2983856201171875,0.4975200295448303,0.31930556893348694,-1.279029130935669,0.5072063207626343,0.3158428370952606,-1.2791192531585693,0.5176578760147095,0.31293195486068726,-1.2792948484420776,0.46359995007514954,0.3280402421951294,-1.28975510597229,0.4502742886543274,0.32946741580963135,-1.2900066375732422,0.4377036690711975,0.33008280396461487,-1.290536642074585,0.5290189385414124,0.31124189496040344,-0.9429001212120056,0.41712066531181335,0.3265440762042999,-0.9848822951316833,0.5020490288734436,0.4228043854236603,-1.151039958000183,0.463996559381485,0.43510159850120544,-1.163747787475586,0.6259085536003113,0.5069766044616699,-0.587617039680481,0.33594539761543274,0.5239515900611877,-0.6572493314743042,0.6454941630363464,0.8938669562339783,-0.6129064559936523,0.3342698812484741,0.9011942744255066,-0.6089805960655212,,,,,,,,,,,,,,,,,,,,,,,,,,,,,,,,,,,,,,,,,,,,,,,,,,,,,,
1042,0.4873817265033722,0.36914730072021484,-1.2124381065368652,0.4985511600971222,0.3121585249900818,-1.18873131275177,0.5082539319992065,0.30883872509002686,-1.1887900829315186,0.5186220407485962,0.30630791187286377,-1.188942551612854,0.4652298390865326,0.32123157382011414,-1.19917893409729,0.45177555084228516,0.3234511911869049,-1.1993517875671387,0.4391498565673828,0.32522428035736084,-1.1998083591461182,0.529463529586792,0.30778422951698303,-0.8556488156318665,0.41796815395355225,0.325294554233551,-0.8955023288726807,0.5034557580947876,0.4157366156578064,-1.069793462753296,0.4656425416469574,0.4305015802383423,-1.0818698406219482,0.6266868114471436,0.507034957408905,-0.5370616316795349,0.33667296171188354,0.5241626501083374,-0.5859931111335754,0.6464653611183167,0.8927897214889526,-0.5624463558197021,0.3348791301250458,0.9000253677368164,-0.519027829170227,,,,,,,,,,,,,,,,,,,,,,,,,,,,,,,,,,,,,,,,,,,,,,,,,,,,,,
1084,0.48774799704551697,0.3687087595462799,-1.2475693225860596,0.49946823716163635,0.3117431104183197,-1.2228697538375854,0.5088780522346497,0.3086947798728943,-1.222959280014038,0.5191821455955505,0.306234210729599,-1.2231285572052002,0.4654143750667572,0.3195100724697113,-1.2333067655563354,0.4517851173877716,0.3212057948112488,-1.2335213422775269,0.439171701669693,0.3224746286869049,-1.2340165376663208,0.529760479927063,0.3077491223812103,-0.8831444382667542,0.41854140162467957,0.3230747580528259,-0.9232145547866821,0.503656268119812,0.4155961871147156,-1.1020286083221436,0.4655810296535492,0.43043065071105957,-1.1143667697906494,0.6262196898460388,0.5069514513015747,-0.5527912974357605,0.33699098229408264,0.5228105187416077,-0.610034704208374,0.6464656591415405,0.8887593150138855,-0.5864997506141663,0.33268842101097107,0.8996647000312805,-0.5559648871421814,,,,,,,,,,,,,,,,,,,,,,,,,,,,,,,,,,,,,,,,,,,,,,,,,,,,,,
1126,0.48824018239974976,0.363895446062088,-1.3185580968856812,0.4998442232608795,0.3077358603477478,-1.2887428998947144,0.509272038936615,0.3050287663936615,-1.2888919115066528,0.5195502638816833,0.30266451835632324,-1.2890487909317017,0.46562594175338745,0.31447574496269226,-1.2992526292800903,0.4519100785255432,0.31611788272857666,-1.2995353937149048,0.4392622411251068,0.31743958592414856,-1.3000677824020386,0.5300247073173523,0.30543482303619385,-0.9318721890449524,0.41857871413230896,0.32044532895088196,-0.9722227454185486,0.5040674805641174,0.4116232991218567,-1.1696207523345947,0.46588388085365295,0.4274511933326721,-1.1820652484893799,0.6263659596443176,0.506434977054596,-0.6048079133033752,0.33698633313179016,0.5231581926345825,-0.6724892854690552,0.6460119485855103,0.8888213038444519,-0.7144617438316345,0.33392244577407837,0.9023749828338623,-0.697535514831543,,,,,,,,,,,,,,,,,,,,,,,,,,,,,,,,,,,,,,,,,,,,,,,,,,,,,,
1167,0.4881698787212372,0.3609229624271393,-1.377515435218811,0.4998275637626648,0.30501389503479004,-1.3534924983978271,0.5092926621437073,0.3024887442588806,-1.3535704612731934,0.5196031928062439,0.30016013979911804,-1.3537389039993286,0.46556398272514343,0.3111744225025177,-1.3622466325759888,0.45184576511383057,0.31265103816986084,-1.3625556230545044,0.43920862674713135,0.31384602189064026,-1.3630563020706177,0.5305556654930115,0.3038072884082794,-1.008164644241333,0.41858208179473877,0.31755250692367554,-1.0421165227890015,0.5040901303291321,0.4088399112224579,-1.2305033206939697,0.46585896611213684,0.4250078797340393,-1.241252064704895,0.6284197568893433,0.509085476398468,-0.6713400483131409,0.33689433336257935,0.5231974124908447,-0.7148953676223755,0.6461172103881836,0.9000404477119446,-0.7295424938201904,0.33360809087753296,0.9008573889732361,-0.6729949116706848,,,,,,,,,,,,,,,,,,,,,,,,,,,,,,,,,,,,,,,,,,,,,,,,,,,,,,
1209,0.48706692457199097,0.36100322008132935,-1.4486708641052246,0.49981361627578735,0.30490830540657043,-1.4230668544769287,0.5092946290969849,0.30236244201660156,-1.4231903553009033,0.5195925831794739,0.3001236617565155,-1.4233816862106323,0.4645334780216217,0.3112178444862366,-1.4299689531326294,0.45071420073509216,0.3127567172050476,-1.4303983449935913,0.43813884258270264,0.3139345943927765,-1.430955171585083,0.5313727855682373,0.3037894368171692,-1.0731405019760132,0.4185871481895447,0.3169694244861603,-1.0987738370895386,0.5040883421897888,0.4089047908782959,-1.3004332780838013,0.4649852216243744,0.4250272512435913,-1.3088208436965942,0.628948450088501,0.5097508430480957,-0.7299840450286865,0.33675333857536316,0.5231336355209351,-0.7689854502677917,0.6460143327713013,0.9015402793884277,-0.8123311996459961,0.33361008763313293,0.9058457612991333,-0.7947620749473572,,,,,,,,,,,,,,,,,,,,,,,,,,,,,,,,,,,,,,,,,,,,,,,,,,,,,,
1251,0.48608124256134033,0.3563225269317627,-1.4049040079116821,0.49951860308647156,0.29887646436691284,-1.3792749643325806,0.5091800093650818,0.29663777351379395,-1.379373550415039,0.5195749998092651,0.29460981488227844,-1.3795310258865356,0.4631991982460022,0.3049885928630829,-1.3874813318252563,0.4495444595813751,0.30646371841430664,-1.3878192901611328,0.43703049421310425,0.30791449546813965,-1.3883529901504517,0.5316000580787659,0.29897186160087585,-1.0313055515289307,0.4184483587741852,0.3117339611053467,-1.0627905130386353,0.5040602684020996,0.40501606464385986,-1.2570542097091675,0.46408015489578247,0.42192983627319336,-1.2669141292572021,0.6289979219436646,0.5097097754478455,-0.6909031271934509,0.3367193639278412,0.5236700773239136,-0.747060239315033,0.6443621516227722,0.9043222069740295,-0.7559865713119507,0.33356544375419617,0.9112114310264587,-0.79757159948349,,,,,,,,,,,,,,,,,,,,,,,,,,,,,,,,,,,,,,,,,,,,,,,,,,,,,,
1292,0.48258718848228455,0.35500821471214294,-1.2991853952407837,0.497669517993927,0.2976481318473816,-1.2762796878814697,0.5081139802932739,0.2953025698661804,-1.276428461074829,0.5183531045913696,0.2934931516647339,-1.2765955924987793,0.4606003165245056,0.30434879660606384,-1.281147837638855,0.44716957211494446,0.30605363845825195,-1.2814339399337769,0.4351574182510376,0.30758699774742126,-1.2819665670394897,0.5316077470779419,0.2982949912548065,-0.936492383480072,0.41845452785491943,0.31086891889572144,-0.9505251049995422,0.5033228993415833,0.40398281812667847,-1.1535109281539917,0.4617886245250702,0.42023226618766785,-1.1583523750305176,0.6289816498756409,0.5096936821937561,-0.6076318025588989,0.3368286192417145,0.5236169099807739,-0.6262378096580505,0.6448618769645691,0.9058050513267517,-0.6759018301963806,0.33315134048461914,0.9104119539260864,-0.5890784859657288,,,,,,,,,,,,,,,,,,,,,,,,,,,,,,,,,,,,,,,,,,,,,,,,,,,,,,
1334,0.48185572028160095,0.355049192905426,-1.4939371347427368,0.49738261103630066,0.29754364490509033,-1.4677824974060059,0.507843017578125,0.29527273774147034,-1.4678771495819092,0.5181769728660583,0.2934676706790924,-1.4681141376495361,0.4599246382713318,0.3039981722831726,-1.4739971160888672,0.4466454088687897,0.30548202991485596,-1.4744219779968262,0.4346771538257599,0.3068861663341522,-1.475005030632019,0.5318402051925659,0.2981477379798889,-1.101916790008545,0.41840189695358276,0.3098069429397583,-1.1247471570968628,0.5030704736709595,0.40369728207588196,-1.3378183841705322,0.4611319899559021,0.41983315348625183,-1.3455936908721924,0.6289771199226379,0.5100857019424438,-0.730215847492218,0.3368452191352844,0.5241022109985352,-0.7637966871261597,0.6448496580123901,0.9057436585426331,-0.8135680556297302,0.33302581310272217,0.9100746512413025,-0.7780478596687317,,,,,,,,,,,,,,,,,,,,,,,,,,,,,,,,,,,,,,,,,,,,,,,,,,,,,,
1376,0.48183056712150574,0.3550117611885071,-1.4302709102630615,0.49737417697906494,0.2975684404373169,-1.406810998916626,0.5078193545341492,0.2952881157398224,-1.4068408012390137,0.5181688070297241,0.2934703826904297,-1.4069976806640625,0.459932416677475,0.3040424883365631,-1.4101848602294922,0.44664710760116577,0.3055853247642517,-1.410483956336975,0.434668630361557,0.30700957775115967,-1.4109598398208618,0.5321835279464722,0.298108845949173,-1.0612714290618896,0.41856926679611206,0.30982381105422974,-1.0726532936096191,0.5030788779258728,0.4034489691257477,-1.281944751739502,0.46111568808555603,0.4196547567844391,-1.286499261856079,0.6289846301078796,0.5108312964439392,-0.7266455292701721,0.33733946084976196,0.5244666337966919,-0.7240312099456787,0.6448849439620972,0.9107047319412231,-0.7996695637702942,0.33182770013809204,0.9108693599700928,-0.6918551921844482,,,,,,,,,,,,,,,,,,,,,,,,,,,,,,,,,,,,,,,,,,,,,,,,,,,,,,
1418,0.4791070222854614,0.3567731976509094,-1.4810597896575928,0.49600353837013245,0.29857856035232544,-1.4589483737945557,0.5072007179260254,0.29601746797561646,-1.4590232372283936,0.5169883966445923,0.2942751348018646,-1.4592397212982178,0.45791035890579224,0.3052333891391754,-1.462584137916565,0.4445486068725586,0.30653825402259827,-1.462965726852417,0.4337148666381836,0.30778348445892334,-1.46351957321167,0.5321477651596069,0.2981574237346649,-1.1195528507232666,0.41852807998657227,0.30981335043907166,-1.129280686378479,0.5021305680274963,0.40455684065818787,-1.3354955911636353,0.459135502576828,0.42011141777038574,-1.3394440412521362,0.6291685104370117,0.5108495950698853,-0.7753287553787231,0.3373192846775055,0.5232980847358704,-0.789077877998352,0.6449054479598999,0.9106647372245789,-0.86794114112854,0.3341808021068573,0.9090840220451355,-0.7930746078491211,,,,,,,,,,,,,,,,,,,,,,,,,,,,,,,,,,,,,,,,,,,,,,,,,,,,,,
1459,0.47889044880867004,0.35926857590675354,-1.4708739519119263,0.4958648979663849,0.30064067244529724,-1.4479700326919556,0.5069488286972046,0.29801616072654724,-1.448032021522522,0.5168135762214661,0.29566919803619385,-1.448201298713684,0.4577697813510895,0.3075169324874878,-1.452255129814148,0.44447073340415955,0.3086422085762024,-1.4526180028915405,0.4334985613822937,0.3093339800834656,-1.4531340599060059,0.5321181416511536,0.29828202724456787,-1.100189208984375,0.41855448484420776,0.31003355979919434,-1.1138759851455688,0.5017267465591431,0.40600183606147766,-1.3224036693572998,0.45876771211624146,0.42067667841911316,-1.3273966312408447,0.6292673945426941,0.5113756060600281,-0.7515570521354675,0.33732250332832336,0.5234053730964661,-0.7703753113746643,0.6448531746864319,0.9262485504150391,-0.8260741829872131,0.33525821566581726,0.9091798067092896,-0.7591962814331055,,,,,,,,,,,,,,,,,,,,,,,,,,,,,,,,,,,,,,,,,,,,,,,,,,,,,,
1501,0.4788869321346283,0.35924285650253296,-1.5734403133392334,0.4958677291870117,0.30059170722961426,-1.5471919775009155,0.5069693326950073,0.29798343777656555,-1.5472897291183472,0.5168120861053467,0.29568803310394287,-1.5474998950958252,0.45767125487327576,0.30752408504486084,-1.5517185926437378,0.44438987970352173,0.30865514278411865,-1.5520912408828735,0.4334597885608673,0.30935922265052795,-1.5526243448257446,0.5323045253753662,0.298247754573822,-1.1928735971450806,0.4186325967311859,0.3096316456794739,-1.2064672708511353,0.5017915964126587,0.4059532880783081,-1.4240305423736572,0.45865243673324585,0.420675665140152,-1.4290812015533447,0.629721999168396,0.5117495059967041,-0.8353164196014404,0.33733659982681274,0.5230778455734253,-0.8580314517021179,0.6448631882667542,0.925432026386261,-0.965563178062439,0.33527955412864685,0.9098429083824158,-0.8818590641021729,,,,,,,,,,,,,,,,,,,,,,,,,,,,,,,,,,,,,,,,,,,,,,,,,,,,,,
1543,0.4784875810146332,0.3575708270072937,-1.270965576171875,0.4956522285938263,0.2999228537082672,-1.2456283569335938,0.5066758394241333,0.2974856495857239,-1.2456574440002441,0.5166770219802856,0.2952033281326294,-1.2456599473953247,0.45757582783699036,0.30607303977012634,-1.2518742084503174,0.44424116611480713,0.30710870027542114,-1.2520045042037964,0.43321943283081055,0.30781394243240356,-1.2524495124816895,0.5323012471199036,0.2981117069721222,-0.9033925533294678,0.4186556935310364,0.30866774916648865,-0.9226313233375549,0.5012893676757812,0.4048921763896942,-1.1261903047561646,0.45791977643966675,0.41858649253845215,-1.1324979066848755,0.6294370293617249,0.5100891590118408,-0.5808307528495789,0.33733832836151123,0.5229009985923767,-0.5991361737251282,0.6448695659637451,0.9160242080688477,-0.6182406544685364,0.33537545800209045,0.9097925424575806,-0.5607458353042603,,,,,,,,,,,,,,,,,,,,,,,,,,,,,,,,,,,,,,,,,,,,,,,,,,,,,,
1584,0.4785555601119995,0.35667845606803894,-1.2994083166122437,0.4957229793071747,0.2995975613594055,-1.2778433561325073,0.5066976547241211,0.29730620980262756,-1.2778542041778564,0.5168301463127136,0.2950851321220398,-1.2779227495193481,0.4576185345649719,0.3055732250213623,-1.284980297088623,0.44428226351737976,0.30657410621643066,-1.2851734161376953,0.43320944905281067,0.3073381781578064,-1.2856613397598267,0.5324031710624695,0.2980792820453644,-0.9402973055839539,0.41865840554237366,0.30848345160484314,-0.9651850461959839,0.50128573179245,0.40401050448417664,-1.1545047760009766,0.45809927582740784,0.4179691672325134,-1.1626421213150024,0.62938392162323,0.5090148448944092,-0.6067227721214294,0.3373039960861206,0.5220427513122559,-0.6477213501930237,0.6446616053581238,0.9149351716041565,-0.6567428708076477,0.3353751003742218,0.903476357460022,-0.6258074641227722,,,,,,,,,,,,,,,,,,,,,,,,,,,,,,,,,,,,,,,,,,,,,,,,,,,,,,
1626,0.478452205657959,0.3564315438270569,-1.542827844619751,0.495684415102005,0.2985243499279022,-1.50963294506073,0.5066789984703064,0.2963217496871948,-1.5096817016601562,0.5167980790138245,0.2942389249801636,-1.5096861124038696,0.45715850591659546,0.30490484833717346,-1.5163267850875854,0.44368457794189453,0.30601081252098083,-1.516724944114685,0.4325767755508423,0.30696964263916016,-1.5172574520111084,0.5324735641479492,0.297329843044281,-1.1325205564498901,0.41849347949028015,0.3081672191619873,-1.15809166431427,0.5013052225112915,0.4039727449417114,-1.3879042863845825,0.45787084102630615,0.4181574881076813,-1.3965346813201904,0.6304327845573425,0.5100070238113403,-0.7777813673019409,0.337058424949646,0.5228320360183716,-0.8571859002113342,0.644653856754303,0.912992537021637,-0.9572864770889282,0.3355354070663452,0.903994619846344,-1.034550666809082,,,,,,,,,,,,,,,,,,,,,,,,,,,,,,,,,,,,,,,,,,,,,,,,,,,,,,
1668,0.47957557439804077,0.35701417922973633,-1.3873517513275146,0.4962094724178314,0.29886460304260254,-1.362842082977295,0.5070331692695618,0.2965072691440582,-1.3629096746444702,0.5173788070678711,0.29435256123542786,-1.36294424533844,0.4582551419734955,0.3052085340023041,-1.3721152544021606,0.44468948245048523,0.3063785135746002,-1.3723890781402588,0.4331863522529602,0.3072035014629364,-1.372877597808838,0.5326688885688782,0.2972930371761322,-1.0014139413833618,0.418592631816864,0.30823010206222534,-1.0383039712905884,0.5013831853866577,0.40429723262786865,-1.233951210975647,0.4583105742931366,0.41831254959106445,-1.2456151247024536,0.6303625702857971,0.5101953148841858,-0.6528247594833374,0.3367787301540375,0.5247541666030884,-0.7178865671157837,0.643001139163971,0.916549801826477,-0.7285993099212646,0.3342488706111908,0.9091060161590576,-0.7879856824874878,,,,,,,,,,,,,,,,,,,,,,,,,,,,,,,,,,,,,,,,,,,,,,,,,,,,,,
1710,0.47958749532699585,0.36087027192115784,-1.342742681503296,0.4962207078933716,0.30055946111679077,-1.3152461051940918,0.5070303082466125,0.2982160747051239,-1.3153537511825562,0.5173709988594055,0.29590797424316406,-1.3154785633087158,0.4582537114620209,0.3069468140602112,-1.32331120967865,0.4447099566459656,0.30784112215042114,-1.3235971927642822,0.4331885576248169,0.30849388241767883,-1.324137806892395,0.5327364802360535,0.2975933849811554,-0.9537249207496643,0.41864997148513794,0.3089601993560791,-0.98244708776474,0.5014137625694275,0.40739116072654724,-1.1890132427215576,0.45838844776153564,0.42099958658218384,-1.1981359720230103,0.6303589940071106,0.5100257992744446,-0.5975368618965149,0.3370310664176941,0.5247164964675903,-0.6630551218986511,0.6430217027664185,0.8995376229286194,-0.6453438401222229,0.3352195918560028,0.9033930897712708,-0.6784437298774719,,,,,,,,,,,,,,,,,,,,,,,,,,,,,,,,,,,,,,,,,,,,,,,,,,,,,,
1751,0.4795921742916107,0.35566624999046326,-1.3130860328674316,0.49627813696861267,0.295616090297699,-1.2902696132659912,0.5070677995681763,0.2934729754924774,-1.2902905941009521,0.5175185203552246,0.29172641038894653,-1.2903903722763062,0.4582768380641937,0.3025664687156677,-1.295639157295227,0.4447191655635834,0.30421069264411926,-1.2958418130874634,0.43315961956977844,0.30557119846343994,-1.2963001728057861,0.5329083204269409,0.29653221368789673,-0.9513530731201172,0.41865453124046326,0.3078868091106415,-0.9688769578933716,0.5014729499816895,0.40416547656059265,-1.168702244758606,0.45838984847068787,0.4185187518596649,-1.1744208335876465,0.6303977370262146,0.5108048319816589,-0.617779552936554,0.3370310962200165,0.5247741937637329,-0.6472089290618896,0.6466056108474731,0.9099737405776978,-0.6871266961097717,0.33540573716163635,0.9033401608467102,-0.6499459147453308,,,,,,,,,,,,,,,,,,,,,,,,,,,,,,,,,,,,,,,,,,,,,,,,,,,,,,
1793,0.47961264848709106,0.3536718487739563,-1.3595257997512817,0.496406614780426,0.2952786684036255,-1.3361353874206543,0.5071927905082703,0.2933123707771301,-1.3362658023834229,0.5175563097000122,0.29165199398994446,-1.3364657163619995,0.4583454132080078,0.30157116055488586,-1.341317057609558,0.4447946846485138,0.30297860503196716,-1.3416630029678345,0.43327486515045166,0.3043765723705292,-1.342201828956604,0.5330296754837036,0.2965189814567566,-1.0006110668182373,0.4188295900821686,0.30728891491889954,-1.018778681755066,0.5015196800231934,0.4029146730899811,-1.2169448137283325,0.45837774872779846,0.41711515188217163,-1.2229903936386108,0.630232036113739,0.5087072253227234,-0.6693773865699768,0.3370590806007385,0.5237686038017273,-0.6928055882453918,0.6468238830566406,0.9071006774902344,-0.7608089447021484,0.33530381321907043,0.9028148651123047,-0.6858572363853455,,,,,,,,,,,,,,,,,,,,,,,,,,,,,,,,,,,,,,,,,,,,,,,,,,,,,,
1835,0.48054224252700806,0.3535977005958557,-1.388260006904602,0.4969579577445984,0.29494792222976685,-1.363608956336975,0.5075080990791321,0.2930850088596344,-1.363757610321045,0.5180923938751221,0.2915289103984833,-1.364010214805603,0.4591348469257355,0.3011489808559418,-1.3704075813293457,0.44551894068717957,0.3025952875614166,-1.3707387447357178,0.4338148236274719,0.3039305508136749,-1.3712618350982666,0.5331935286521912,0.2964850962162018,-1.0181602239608765,0.4189705550670624,0.3066112995147705,-1.0428224802017212,0.5018792152404785,0.4029258191585541,-1.2408220767974854,0.4589821696281433,0.41711702942848206,-1.2489891052246094,0.6301285028457642,0.5088956356048584,-0.6762712597846985,0.33712252974510193,0.5237840414047241,-0.7012454867362976,0.6485916972160339,0.9142504930496216,-0.7695167660713196,0.3351254165172577,0.9084177613258362,-0.6766306161880493,,,,,,,,,,,,,,,,,,,,,,,,,,,,,,,,,,,,,,,,,,,,,,,,,,,,,,
1876,0.4832068085670471,0.35298237204551697,-1.4533947706222534,0.49805423617362976,0.29420149326324463,-1.423768162727356,0.5082994103431702,0.29237493872642517,-1.4239236116409302,0.5185940265655518,0.2908315658569336,-1.4241780042648315,0.46086010336875916,0.30041053891181946,-1.4337480068206787,0.4473170340061188,0.30185770988464355,-1.4341261386871338,0.43522247672080994,0.3031567931175232,-1.4346431493759155,0.5331783890724182,0.2951492369174957,-1.0576846599578857,0.4193553924560547,0.3058389723300934,-1.096575140953064,0.5032967329025269,0.40176936984062195,-1.2993199825286865,0.46143513917922974,0.4165841042995453,-1.3114675283432007,0.6301232576370239,0.5069130063056946,-0.7159717082977295,0.33707091212272644,0.5250990390777588,-0.7755041718482971,0.6494472622871399,0.9107652902603149,-0.8648545742034912,0.3359855115413666,0.9092775583267212,-0.8394798040390015,,,,,,,,,,,,,,,,,,,,,,,,,,,,,,,,,,,,,,,,,,,,,,,,,,,,,,
1918,0.4839889407157898,0.3467435836791992,-1.440752387046814,0.49878770112991333,0.2901318371295929,-1.4069310426712036,0.5091322064399719,0.2885954976081848,-1.4070810079574585,0.5197858214378357,0.2875446379184723,-1.4073808193206787,0.4618564248085022,0.29513928294181824,-1.4208468198776245,0.4481142461299896,0.29674002528190613,-1.4213035106658936,0.43597209453582764,0.2982341945171356,-1.421926498413086,0.5340408682823181,0.2937590181827545,-1.035122036933899,0.4193679690361023,0.3032538890838623,-1.0914061069488525,0.5039020776748657,0.3968063294887543,-1.2823702096939087,0.46234622597694397,0.4111557900905609,-1.3010456562042236,0.6299975514411926,0.5071128606796265,-0.6901066303253174,0.33738914132118225,0.5232445001602173,-0.7573750615119934,0.6481877565383911,0.9114667177200317,-0.7582926154136658,0.3348549008369446,0.8961674571037292,-0.7255502343177795,,,,,,,,,,,,,,,,,,,,,,,,,,,,,,,,,,,,,,,,,,,,,,,,,,,,,,
1960,0.4834041893482208,0.34439602494239807,-1.3845868110656738,0.49871304631233215,0.2884153723716736,-1.3531627655029297,0.5091034173965454,0.2870367765426636,-1.3533565998077393,0.5197063088417053,0.28599047660827637,-1.3535640239715576,0.4616246521472931,0.2929553687572479,-1.3591126203536987,0.4479728639125824,0.29421767592430115,-1.3595359325408936,0.43590882420539856,0.2958230972290039,-1.3600741624832153,0.5341015458106995,0.2923826575279236,-1.000848650932312,0.41989171504974365,0.3011864125728607,-1.0214353799819946,0.5039133429527283,0.394793301820755,-1.2373948097229004,0.46169134974479675,0.40889349579811096,-1.2447566986083984,0.6311953663825989,0.507784366607666,-0.678666353225708,0.33745673298835754,0.5232620239257812,-0.6923600435256958,0.648370087146759,0.9147858023643494,-0.7522756457328796,0.33494094014167786,0.906869113445282,-0.6669577360153198,,,,,,,,,,,,,,,,,,,,,,,,,,,,,,,,,,,,,,,,,,,,,,,,,,,,,,
2001,0.4841678738594055,0.34052756428718567,-1.2348757982254028,0.500194251537323,0.28552448749542236,-1.2079130411148071,0.5102691650390625,0.2841359078884125,-1.2080039978027344,0.5209274888038635,0.2834518849849701,-1.2080235481262207,0.46328383684158325,0.29007193446159363,-1.2171708345413208,0.44964370131492615,0.29122328758239746,-1.2173856496810913,0.4375484585762024,0.2925328314304352,-1.2178902626037598,0.5347031950950623,0.29081833362579346,-0.8697654604911804,0.4205227494239807,0.2982225716114044,-0.9060130715370178,0.5042511224746704,0.38953766226768494,-1.092715859413147,0.46197107434272766,0.40258708596229553,-1.1038471460342407,0.631253182888031,0.5086193084716797,-0.5637251138687134,0.3372354209423065,0.5228452682495117,-0.6117835640907288,0.6477498412132263,0.9147354960441589,-0.6354857683181763,0.33522018790245056,0.9113715887069702,-0.6106551289558411,,,,,,,,,,,,,,,,,,,,,,,,,,,,,,,,,,,,,,,,,,,,,,,,,,,,,,
2043,0.48589518666267395,0.3290725648403168,-1.1686073541641235,0.5018978714942932,0.2764151692390442,-1.1368279457092285,0.5117202997207642,0.27599579095840454,-1.1369528770446777,0.522369384765625,0.2763824164867401,-1.1369297504425049,0.4660039246082306,0.2788351774215698,-1.148271918296814,0.4527331292629242,0.2794068157672882,-1.1484395265579224,0.4405621588230133,0.28037703037261963,-1.1489511728286743,0.5355005264282227,0.28692322969436646,-0.7903262972831726,0.4212454855442047,0.28917646408081055,-0.8372607827186584,0.5045701265335083,0.379418283700943,-1.0255608558654785,0.46290338039398193,0.3880976140499115,-1.0396652221679688,0.6310967803001404,0.5083990097045898,-0.49614816904067993,0.33693361282348633,0.5227798819541931,-0.5596822500228882,0.6477328538894653,0.9119582176208496,-0.5855084657669067,0.3351786434650421,0.9099590182304382,-0.5656781792640686,,,,,,,,,,,,,,,,,,,,,,,,,,,,,,,,,,,,,,,,,,,,,,,,,,,,,,
2085,0.488271564245224,0.32175031304359436,-1.138633370399475,0.5036443471908569,0.2711489498615265,-1.1100343465805054,0.5139321088790894,0.27080973982810974,-1.1101115942001343,0.5242890119552612,0.27146315574645996,-1.1100847721099854,0.46902233362197876,0.2726894021034241,-1.1200145483016968,0.4557968080043793,0.27322298288345337,-1.120136022567749,0.44369587302207947,0.2745152413845062,-1.1206215620040894,0.5368257164955139,0.2826858460903168,-0.7722231149673462,0.4220868945121765,0.28426167368888855,-0.8135301470756531,0.5055243968963623,0.3747727870941162,-0.9980855584144592,0.4644426703453064,0.3803623616695404,-1.0104527473449707,0.631532609462738,0.5085551738739014,-0.4837835729122162,0.33710235357284546,0.521422803401947,-0.5332801342010498,0.6477231979370117,0.9136790037155151,-0.5542134642601013,0.3345832824707031,0.9064053297042847,-0.5431728363037109,,,,,,,,,,,,,,,,,,,,,,,,,,,,,,,,,,,,,,,,,,,,,,,,,,,,,,
2127,0.48914238810539246,0.3166620135307312,-1.0238028764724731,0.5045932531356812,0.26727214455604553,-0.9909404516220093,0.5145443677902222,0.2672346234321594,-0.9911404848098755,0.5250255465507507,0.2679719030857086,-0.9910784363746643,0.4699825644493103,0.26731982827186584,-0.9999688863754272,0.45713409781455994,0.2673417031764984,-1.0001322031021118,0.4452960193157196,0.2683233618736267,-1.0006521940231323,0.5374625325202942,0.27955448627471924,-0.6506423950195312,0.42392635345458984,0.2787144184112549,-0.6859827041625977,0.5061169862747192,0.3686177134513855,-0.8838370442390442,0.4651434123516083,0.37274160981178284,-0.8943884372711182,0.6315175294876099,0.5084344744682312,-0.37872114777565,0.3385583758354187,0.5183084607124329,-0.41367265582084656,0.6477155685424805,0.9081018567085266,-0.4317944347858429,0.33534422516822815,0.9021199941635132,-0.41720399260520935,,,,,,,,,,,,,,,,,,,,,,,,,,,,,,,,,,,,,,,,,,,,,,,,,,,,,,
2168,0.4891722500324249,0.3079581558704376,-0.9810118079185486,0.5046378970146179,0.25832244753837585,-0.9445021748542786,0.5145658850669861,0.25815650820732117,-0.944661021232605,0.5251397490501404,0.2584052085876465,-0.944629967212677,0.4700092673301697,0.2587745785713196,-0.9560219049453735,0.4571736752986908,0.2586005926132202,-0.9560818076133728,0.44538918137550354,0.2589116394519806,-0.9565500617027283,0.5376937389373779,0.27139535546302795,-0.6030291318893433,0.42419400811195374,0.271390438079834,-0.6477642059326172,0.5061787366867065,0.3598242700099945,-0.8428494930267334,0.46538934111595154,0.3633095324039459,-0.8557382822036743,0.6314523220062256,0.5082041621208191,-0.34424513578414917,0.3384133577346802,0.5182155966758728,-0.3927282691001892,0.6472757458686829,0.9048289060592651,-0.3969781994819641,0.333727091550827,0.9021322727203369,-0.3447472155094147,,,,,,,,,,,,,,,,,,,,,,,,,,,,,,,,,,,,,,,,,,,,,,,,,,,,,,
2210,0.4904888868331909,0.30488869547843933,-1.0260179042816162,0.5050665140151978,0.25418344140052795,-0.9935010075569153,0.5152591466903687,0.25374671816825867,-0.9935790300369263,0.5256797671318054,0.2539290189743042,-0.9934256076812744,0.471300333738327,0.2547544836997986,-1.0042825937271118,0.4582287669181824,0.2548665702342987,-1.0042845010757446,0.4462059438228607,0.25546061992645264,-1.0047448873519897,0.5381944179534912,0.26686614751815796,-0.6569389700889587,0.42425060272216797,0.26890745759010315,-0.6995242834091187,0.5072894096374512,0.3566536009311676,-0.8884974718093872,0.4668039381504059,0.36052581667900085,-0.9010446667671204,0.6320899724960327,0.5063683986663818,-0.3925904929637909,0.33834710717201233,0.5190019011497498,-0.44352105259895325,0.6473332643508911,0.9016373157501221,-0.4708543121814728,0.33348849415779114,0.9067118763923645,-0.4532247483730316,,,,,,,,,,,,,,,,,,,,,,,,,,,,,,,,,,,,,,,,,,,,,,,,,,,,,,
2252,0.4905034601688385,0.3011149764060974,-1.027980089187622,0.505630612373352,0.2508751153945923,-0.9925046563148499,0.5155414342880249,0.251113623380661,-0.9926866292953491,0.5261605978012085,0.25188568234443665,-0.99260014295578,0.4714778959751129,0.25016704201698303,-1.005240797996521,0.45845282077789307,0.24974605441093445,-1.005380392074585,0.4465547800064087,0.24994763731956482,-1.005914330482483,0.5392357110977173,0.265592098236084,-0.6513384580612183,0.424977570772171,0.2641134262084961,-0.7014914155006409,0.5073685050010681,0.3539083003997803,-0.8889058828353882,0.4667540490627289,0.3573490083217621,-0.9034814834594727,0.6323379278182983,0.5060036182403564,-0.3768656849861145,0.33860859274864197,0.5188063979148865,-0.44742676615715027,0.647417426109314,0.8976274132728577,-0.4175482392311096,0.334177702665329,0.9074170589447021,-0.4205761253833771,,,,,,,,,,,,,,,,,,,,,,,,,,,,,,,,,,,,,,,,,,,,,,,,,,,,,,
2293,0.49048715829849243,0.2960326075553894,-0.9708479642868042,0.5057944059371948,0.24662362039089203,-0.9337465167045593,0.5157464146614075,0.24676598608493805,-0.9338977932929993,0.5266258120536804,0.24744616448879242,-0.9337791204452515,0.47145146131515503,0.24579866230487823,-0.9451818466186523,0.45841875672340393,0.24526265263557434,-0.9452466368675232,0.44651731848716736,0.24511787295341492,-0.9457722306251526,0.5401498079299927,0.2621951103210449,-0.5981680154800415,0.4251202344894409,0.2603661119937897,-0.6437985301017761,0.5075284838676453,0.3491801619529724,-0.8356943130493164,0.4667471647262573,0.3507394790649414,-0.8490580320358276,0.6323373317718506,0.5056077241897583,-0.3483920395374298,0.3386090099811554,0.5184075236320496,-0.41847652196884155,0.647421658039093,0.8983181715011597,-0.4366854727268219,0.33437737822532654,0.9104396104812622,-0.44919171929359436,,,,,,,,,,,,,,,,,,,,,,,,,,,,,,,,,,,,,,,,,,,,,,,,,,,,,,
2335,0.4898892641067505,0.29714781045913696,-0.9277821779251099,0.5057445764541626,0.24722422659397125,-0.8968176245689392,0.5156322121620178,0.2472633421421051,-0.8970363736152649,0.5264536142349243,0.24788659811019897,-0.8969799280166626,0.47134801745414734,0.2467903196811676,-0.9062588214874268,0.4583868384361267,0.24629129469394684,-0.906377375125885,0.44649186730384827,0.2462577223777771,-0.9069439768791199,0.5401623249053955,0.26215508580207825,-0.5766053795814514,0.4256085753440857,0.26074132323265076,-0.612669050693512,0.5073612928390503,0.34983915090560913,-0.7963204979896545,0.4665978252887726,0.352303147315979,-0.8066968321800232,0.6323434710502625,0.5043412446975708,-0.31826019287109375,0.3385109305381775,0.5184085965156555,-0.36582857370376587,0.6471452116966248,0.8958657383918762,-0.35629400610923767,0.3340086340904236,0.9104003310203552,-0.3601743280887604,,,,,,,,,,,,,,,,,,,,,,,,,,,,,,,,,,,,,,,,,,,,,,,,,,,,,,
2377,0.49211686849594116,0.29357483983039856,-0.8719063997268677,0.5070497393608093,0.2442663460969925,-0.8365083336830139,0.5167354941368103,0.24399594962596893,-0.836743950843811,0.5274455547332764,0.24413138628005981,-0.8366579413414001,0.4725345969200134,0.24446547031402588,-0.8484545350074768,0.459555447101593,0.24424302577972412,-0.8485605120658875,0.4475330412387848,0.24450957775115967,-0.8491194248199463,0.5404824018478394,0.2592571973800659,-0.511947751045227,0.42620131373405457,0.2597389221191406,-0.560712456703186,0.5088614821434021,0.34669065475463867,-0.7409271597862244,0.4679921865463257,0.3504021465778351,-0.7550592422485352,0.6323463916778564,0.504141628742218,-0.278175413608551,0.33851757645606995,0.5183941125869751,-0.34411296248435974,0.6461073756217957,0.8931456208229065,-0.35055145621299744,0.3329595923423767,0.9106391668319702,-0.4064508080482483,,,,,,,,,,,,,,,,,,,,,,,,,,,,,,,,,,,,,,,,,,,,,,,,,,,,,,
2419,0.49336349964141846,0.2942357659339905,-0.9358218312263489,0.508071780204773,0.2443617433309555,-0.9024256467819214,0.5178768038749695,0.24413242936134338,-0.902601420879364,0.5284903049468994,0.2443513423204422,-0.9024932384490967,0.47398701310157776,0.2443530112504959,-0.9152488112449646,0.46084386110305786,0.2440696507692337,-0.9153387546539307,0.44878140091896057,0.24439451098442078,-0.9158782362937927,0.5409628748893738,0.2592213749885559,-0.5699539184570312,0.4265204966068268,0.25902125239372253,-0.6215648055076599,0.509316086769104,0.34726375341415405,-0.8001852035522461,0.4685790240764618,0.3511088490486145,-0.81532222032547,0.632445216178894,0.5022676587104797,-0.31304991245269775,0.3382445275783539,0.5198798775672913,-0.38575437664985657,0.6460958123207092,0.8960924744606018,-0.3750404417514801,0.3325718343257904,0.9171453714370728,-0.42528191208839417,,,,,,,,,,,,,,,,,,,,,,,,,,,,,,,,,,,,,,,,,,,,,,,,,,,,,,
2460,0.4923926591873169,0.2942412495613098,-0.7720425128936768,0.5077733397483826,0.24407237768173218,-0.7332959771156311,0.5174128413200378,0.24399253726005554,-0.7336061000823975,0.5280778408050537,0.24437233805656433,-0.73362135887146,0.47369474172592163,0.2440161257982254,-0.7478001117706299,0.46059608459472656,0.24371038377285004,-0.7478506565093994,0.4486187696456909,0.24393460154533386,-0.7483936548233032,0.5407139658927917,0.2589568495750427,-0.3976197838783264,0.42649415135383606,0.25827598571777344,-0.4544406533241272,0.5085569024085999,0.3472987413406372,-0.6382473111152649,0.46799713373184204,0.35085660219192505,-0.6544572114944458,0.6314560770988464,0.4970416724681854,-0.17206081748008728,0.33840450644493103,0.5192089080810547,-0.26875513792037964,0.6459643244743347,0.8889078497886658,-0.26725825667381287,0.33054080605506897,0.9162713289260864,-0.3620699644088745,,,,,,,,,,,,,,,,,,,,,,,,,,,,,,,,,,,,,,,,,,,,,,,,,,,,,,
2502,0.4891146719455719,0.29435721039772034,-0.9507789015769958,0.50594162940979,0.24421212077140808,-0.9139931201934814,0.5161162614822388,0.24419009685516357,-0.9141771793365479,0.5271663069725037,0.2445833534002304,-0.9141159057617188,0.4702090919017792,0.24424870312213898,-0.920576274394989,0.4571351110935211,0.2440599799156189,-0.9206444621086121,0.44573312997817993,0.24444860219955444,-0.9211041331291199,0.540631890296936,0.25873658061027527,-0.563209593296051,0.42576315999031067,0.25838416814804077,-0.5762293934822083,0.5075992941856384,0.3475092649459839,-0.8109472990036011,0.4658670723438263,0.3514995574951172,-0.816939651966095,0.6318005919456482,0.5017203092575073,-0.2922074496746063,0.33835479617118835,0.5198673605918884,-0.32819923758506775,0.6459466814994812,0.902991771697998,-0.3319453299045563,0.33021095395088196,0.9166420102119446,-0.39089885354042053,,,,,,,,,,,,,,,,,,,,,,,,,,,,,,,,,,,,,,,,,,,,,,,,,,,,,,
2544,0.49034735560417175,0.29459378123283386,-0.9769112467765808,0.5060523152351379,0.24431629478931427,-0.9415671825408936,0.516164243221283,0.2442004233598709,-0.9417501091957092,0.5272030830383301,0.24448731541633606,-0.9416229724884033,0.4711003601551056,0.24438078701496124,-0.9540976881980896,0.4581451416015625,0.24406325817108154,-0.9542434215545654,0.44662097096443176,0.2444177120923996,-0.9548103213310242,0.5406167507171631,0.25827208161354065,-0.5925168395042419,0.4258792996406555,0.2583186626434326,-0.6432092189788818,0.5078814625740051,0.34774670004844666,-0.8362787365913391,0.4672780930995941,0.3516741991043091,-0.8508232831954956,0.6315944194793701,0.4998069405555725,-0.30207571387290955,0.33757835626602173,0.5198927521705627,-0.397199809551239,0.643997073173523,0.8903096318244934,-0.34640759229660034,0.3302103877067566,0.9191121459007263,-0.4944705367088318,,,,,,,,,,,,,,,,,,,,,,,,,,,,,,,,,,,,,,,,,,,,,,,,,,,,,,
2585,0.4893636703491211,0.2991025149822235,-1.1099821329116821,0.5056087374687195,0.24846996366977692,-1.0765106678009033,0.515785813331604,0.24811477959156036,-1.0766311883926392,0.526826798915863,0.24805812537670135,-1.0765389204025269,0.469828724861145,0.24850639700889587,-1.0860347747802734,0.4569074809551239,0.24834975600242615,-1.0861892700195312,0.4454386532306671,0.24862828850746155,-1.086659550666809,0.5404335260391235,0.2595587968826294,-0.7209157943725586,0.425538033246994,0.2597562074661255,-0.7569764256477356,0.5073181390762329,0.3512507379055023,-0.964784562587738,0.46613937616348267,0.3562144339084625,-0.9754934906959534,0.6315821409225464,0.49982061982154846,-0.4219343066215515,0.3373124897480011,0.5221521854400635,-0.47737327218055725,0.643880307674408,0.8943421244621277,-0.46180659532546997,0.33045366406440735,0.9216785430908203,-0.48593568801879883,0.5552415251731873,1.0455418825149536,-0.9613747000694275,,,,,,,,,,,,,,,,,,,,,,,,,,,,,,,,,,,,,,,,,,,,,,,,,,,
2627,0.4893381893634796,0.29916974902153015,-1.0176360607147217,0.5050663948059082,0.24848780035972595,-0.984610378742218,0.515135645866394,0.24809660017490387,-0.9846447706222534,0.5262293219566345,0.24803198873996735,-0.98456209897995,0.4697888195514679,0.24857784807682037,-0.99739009141922,0.45686450600624084,0.24841856956481934,-0.9973647594451904,0.44538047909736633,0.2487027496099472,-0.997821033000946,0.53985995054245,0.2595255672931671,-0.6450468897819519,0.42518389225006104,0.2598186731338501,-0.6969360113143921,0.5071960687637329,0.3512670695781708,-0.8803178071975708,0.4661414325237274,0.35595157742500305,-0.895272970199585,0.6304532289505005,0.4989575445652008,-0.3685820400714874,0.3373052775859833,0.5219075083732605,-0.4443306624889374,0.6444941759109497,0.8885518908500671,-0.3906061053276062,0.33046531677246094,0.9169436693191528,-0.461159884929657,,,,,,,,,,,,,,,,,,,,,,,,,,,,,,,,,,,,,,,,,,,,,,,,,,,,,,
2669,0.487367182970047,0.29876288771629333,-1.0941442251205444,0.5043656229972839,0.2479623258113861,-1.0563980340957642,0.5145543217658997,0.2476978749036789,-1.0564208030700684,0.5256168246269226,0.24782653152942657,-1.0562151670455933,0.46808451414108276,0.24859675765037537,-1.0693341493606567,0.45507287979125977,0.24846889078617096,-1.0693995952606201,0.4433818459510803,0.2488403618335724,-1.0698871612548828,0.5395209193229675,0.25950002670288086,-0.7037282586097717,0.4242054522037506,0.2602539360523224,-0.7577789425849915,0.5064729452133179,0.3509449362754822,-0.952347993850708,0.4638475775718689,0.3559115529060364,-0.9683504700660706,0.6293298006057739,0.4996626675128937,-0.4212455153465271,0.3372115194797516,0.5219074487686157,-0.5175419449806213,0.6420100927352905,0.8891006708145142,-0.4966548681259155,0.33189913630485535,0.9183903336524963,-0.563546359539032,,,,,,,,,,,,,,,,,,,,,,,,,,,,,,,,,,,,,,,,,,,,,,,,,,,,,,
2711,0.482726126909256,0.29879021644592285,-0.949786901473999,0.5014539361000061,0.24797767400741577,-0.9168835878372192,0.5115035176277161,0.24772712588310242,-0.9169391393661499,0.5229068398475647,0.24786247313022614,-0.9167054891586304,0.4643135368824005,0.24863716959953308,-0.9254701137542725,0.4512583613395691,0.24850769340991974,-0.9254047870635986,0.44000816345214844,0.24881309270858765,-0.9259201884269714,0.5379735231399536,0.25956568121910095,-0.5969483256340027,0.42272844910621643,0.26012343168258667,-0.6305316686630249,0.5031023621559143,0.35101762413978577,-0.8208588361740112,0.4602312445640564,0.35584738850593567,-0.8307193517684937,0.6295257210731506,0.5008944272994995,-0.3476426899433136,0.336487740278244,0.5220662951469421,-0.42919614911079407,0.6421893239021301,0.8907302618026733,-0.4445438086986542,0.33265864849090576,0.915910542011261,-0.54982590675354,,,,,,,,,,,,,,,,,,,,,,,,,,,,,,,,,,,,,,,,,,,,,,,,,,,,,,
2752,0.48186203837394714,0.2988356351852417,-1.0071849822998047,0.5004563927650452,0.24798502027988434,-0.9721282720565796,0.5103956460952759,0.24768885970115662,-0.972202718257904,0.5211488604545593,0.24775953590869904,-0.9719944596290588,0.46335193514823914,0.2489432692527771,-0.9810540080070496,0.45049232244491577,0.24887071549892426,-0.9810465574264526,0.4390551447868347,0.24918295443058014,-0.9815628528594971,0.5362435579299927,0.25956273078918457,-0.6307481527328491,0.42234718799591064,0.2611222565174103,-0.662708580493927,0.502398669719696,0.35105571150779724,-0.8687713742256165,0.45993492007255554,0.35608911514282227,-0.8784865736961365,0.6295134425163269,0.5009315609931946,-0.361797958612442,0.3361414074897766,0.5223462581634521,-0.43487977981567383,0.6425060033798218,0.8907864689826965,-0.4502949118614197,0.3326434791088104,0.9132336974143982,-0.5241239070892334,,,,,,,,,,,,,,,,,,,,,,,,,,,,,,,,,,,,,,,,,,,,,,,,,,,,,,
2794,0.4803684651851654,0.3005428910255432,-1.0044853687286377,0.4991150498390198,0.24903066456317902,-0.9719562530517578,0.5091063380241394,0.2484399825334549,-0.9720170497894287,0.5198585391044617,0.24839624762535095,-0.9718227982521057,0.4619292616844177,0.251491904258728,-0.9805677533149719,0.4491751492023468,0.25205788016319275,-0.9805601239204407,0.43775373697280884,0.25306639075279236,-0.9810609817504883,0.5354890823364258,0.2599239647388458,-0.6409696936607361,0.4214377999305725,0.2637459337711334,-0.6670986413955688,0.501702070236206,0.35151541233062744,-0.868744432926178,0.45909929275512695,0.35817816853523254,-0.8781554698944092,0.6295157670974731,0.5015036463737488,-0.38183096051216125,0.3356190323829651,0.5217145085334778,-0.43817204236984253,0.6430774927139282,0.899127721786499,-0.4456328749656677,0.3313862681388855,0.9136539697647095,-0.4871397614479065,,,,,,,,,,,,,,,,,,,,,,,,,,,,,,,,,,,,,,,,,,,,,,,,,,,,,,
2836,0.48069730401039124,0.30353042483329773,-0.9628625512123108,0.49912893772125244,0.2519099712371826,-0.9262150526046753,0.5090169906616211,0.25113922357559204,-0.9263736009597778,0.5197119116783142,0.25099319219589233,-0.9262444972991943,0.4620409607887268,0.25394636392593384,-0.9392616748809814,0.449337363243103,0.254090279340744,-0.9392462968826294,0.43786686658859253,0.25486573576927185,-0.9397590756416321,0.5345935821533203,0.2618449330329895,-0.579821765422821,0.42117956280708313,0.26529261469841003,-0.6302261352539062,0.5016939043998718,0.35329270362854004,-0.8225112557411194,0.45912331342697144,0.36061781644821167,-0.8374675512313843,0.6275768876075745,0.5009517073631287,-0.31412920355796814,0.3352559208869934,0.5217125415802002,-0.3931646943092346,0.6435378789901733,0.8952593207359314,-0.3970491588115692,0.33100128173828125,0.9136248826980591,-0.4053533673286438,,,,,,,,,,,,,,,,,,,,,,,,,,,,,,,,,,,,,,,,,,,,,,,,,,,,,,
2877,0.48178181052207947,0.3035522401332855,-0.9011396169662476,0.4991457164287567,0.25201448798179626,-0.8685554265975952,0.5090240836143494,0.25118905305862427,-0.8686588406562805,0.5197111964225769,0.2510135769844055,-0.8686046004295349,0.46261072158813477,0.25420942902565,-0.881018877029419,0.4498341977596283,0.25456663966178894,-0.8809166550636292,0.4382920265197754,0.25558680295944214,-0.8813756704330444,0.5338194966316223,0.2618827819824219,-0.5376068949699402,0.4209379255771637,0.2665901780128479,-0.5854683518409729,0.5018763542175293,0.3533170521259308,-0.767089307308197,0.4600059688091278,0.3607664406299591,-0.7808620929718018,0.6272820830345154,0.5009581446647644,-0.2875881791114807,0.33524590730667114,0.5218729972839355,-0.35951799154281616,0.6434310674667358,0.8915215134620667,-0.35035473108291626,0.330487996339798,0.9131003618240356,-0.40057095885276794,,,,,,,,,,,,,,,,,,,,,,,,,,,,,,,,,,,,,,,,,,,,,,,,,,,,,,
2919,0.4818215072154999,0.30841755867004395,-0.9274970293045044,0.49915996193885803,0.2571766972541809,-0.8949661254882812,0.5090081691741943,0.25586390495300293,-0.8950334191322327,0.5196992754936218,0.2551838159561157,-0.8949238061904907,0.4626527428627014,0.26053357124328613,-0.9072176218032837,0.4498768448829651,0.26117217540740967,-0.9071590304374695,0.4383164346218109,0.2622794806957245,-0.907635509967804,0.533735990524292,0.2643376886844635,-0.5572339296340942,0.42092275619506836,0.2700290381908417,-0.5991017818450928,0.5018913745880127,0.35759904980659485,-0.7933923602104187,0.4600405693054199,0.36553117632865906,-0.8063541054725647,0.6270315051078796,0.501348614692688,-0.2822904884815216,0.3351382315158844,0.5212183594703674,-0.3481179475784302,0.6425434947013855,0.8895348310470581,-0.31926229596138,0.33038800954818726,0.9069325923919678,-0.37244313955307007,,,,,,,,,,,,,,,,,,,,,,,,,,,,,,,,,,,,,,,,,,,,,,,,,,,,,,
2961,0.48188769817352295,0.314609557390213,-1.0316901206970215,0.49903228878974915,0.2611505389213562,-1.0008684396743774,0.5087993741035461,0.25902971625328064,-1.0010590553283691,0.5194816589355469,0.2579582929611206,-1.001052737236023,0.462424635887146,0.2681896388530731,-1.011111855506897,0.4496249258518219,0.27024218440055847,-1.0112758874893188,0.4381263852119446,0.27216461300849915,-1.011842966079712,0.5336447358131409,0.2659152150154114,-0.6546205878257751,0.42069587111473083,0.2771141827106476,-0.6943897008895874,0.5019174814224243,0.3624732494354248,-0.8886672258377075,0.4600605070590973,0.3742719292640686,-0.9006547331809998,0.6265967488288879,0.5013718008995056,-0.35164669156074524,0.33506524562835693,0.520999014377594,-0.4167442321777344,0.6409022808074951,0.8893734812736511,-0.3973272144794464,0.3304648995399475,0.9035695791244507,-0.44697368144989014,,,,,,,,,,,,,,,,,,,,,,,,,,,,,,,,,,,,,,,,,,,,,,,,,,,,,,
3003,0.48693135380744934,0.33081987500190735,-1.056922435760498,0.5010573863983154,0.2738032341003418,-1.0271990299224854,0.5111691951751709,0.27149301767349243,-1.0273425579071045,0.5214412212371826,0.2701188027858734,-1.0273152589797974,0.4670381247997284,0.2776912748813629,-1.0395524501800537,0.45345789194107056,0.2783172130584717,-1.039627194404602,0.4409264326095581,0.2789188027381897,-1.0401231050491333,0.5338226556777954,0.27284204959869385,-0.6814444661140442,0.4208202064037323,0.27963733673095703,-0.7325153350830078,0.5041489005088806,0.3784385025501251,-0.9127132296562195,0.4633612036705017,0.38966941833496094,-0.927742063999176,0.6260166168212891,0.501379668712616,-0.3753701150417328,0.33504781126976013,0.5208520889282227,-0.449743390083313,0.6409643292427063,0.8869514465332031,-0.3994622230529785,0.33234450221061707,0.9046746492385864,-0.4799928069114685,,,,,,,,,,,,,,,,,,,,,,,,,,,,,,,,,,,,,,,,,,,,,,,,,,,,,,
3044,0.4900508224964142,0.33143311738967896,-1.205316185951233,0.502607524394989,0.2751197814941406,-1.1742827892303467,0.5130318999290466,0.27306973934173584,-1.1743659973144531,0.5224611163139343,0.2718086242675781,-1.1743687391281128,0.4704446792602539,0.2783121168613434,-1.1890568733215332,0.4567394256591797,0.27884817123413086,-1.1892170906066895,0.4436364769935608,0.2794579565525055,-1.1897258758544922,0.5338245630264282,0.2747514247894287,-0.8138190507888794,0.4208314120769501,0.28097206354141235,-0.876937747001648,0.5049782395362854,0.3812260031700134,-1.054593563079834,0.4656608998775482,0.3906645178794861,-1.07341730594635,0.6261951327323914,0.5028270483016968,-0.4889547526836395,0.3347747027873993,0.523036539554596,-0.5810011625289917,0.6405842900276184,0.8979960083961487,-0.5246747136116028,0.3323824107646942,0.9138712286949158,-0.6142364144325256,,,,,,,,,,,,,,,,,,,,,,,,,,,,,,,,,,,,,,,,,,,,,,,,,,,,,,
3086,0.48998111486434937,0.32919761538505554,-1.1262844800949097,0.5025140643119812,0.2736664116382599,-1.0950891971588135,0.5128136873245239,0.27181944251060486,-1.0952191352844238,0.5223823189735413,0.2707783579826355,-1.0952064990997314,0.4703340232372284,0.2770342528820038,-1.1089837551116943,0.4565782845020294,0.2778903543949127,-1.1090960502624512,0.4435524344444275,0.278903067111969,-1.1096000671386719,0.5337663888931274,0.274677038192749,-0.7399458289146423,0.4207689166069031,0.2810409665107727,-0.7966406345367432,0.5049774050712585,0.3791334629058838,-0.9792252779006958,0.46568647027015686,0.38882526755332947,-0.9960255026817322,0.6260403394699097,0.5017083287239075,-0.4368508458137512,0.3345939517021179,0.5231415033340454,-0.5230029821395874,0.640579342842102,0.8931916356086731,-0.47939738631248474,0.33261892199516296,0.9132851362228394,-0.583911657333374,,,,,,,,,,,,,,,,,,,,,,,,,,,,,,,,,,,,,,,,,,,,,,,,,,,,,,
3128,0.4900173246860504,0.33111000061035156,-1.223326563835144,0.5025743842124939,0.27544745802879333,-1.1981313228607178,0.5131530165672302,0.27337950468063354,-1.1982187032699585,0.5225896835327148,0.2720991373062134,-1.1982756853103638,0.4702700078487396,0.2789287865161896,-1.2076201438903809,0.4565249979496002,0.2795950770378113,-1.2078204154968262,0.4435305595397949,0.2805221676826477,-1.2083085775375366,0.5343323945999146,0.275598406791687,-0.8548808693885803,0.4207649528980255,0.2829059362411499,-0.8948307633399963,0.5050384402275085,0.3815763592720032,-1.0775434970855713,0.4658053517341614,0.39065301418304443,-1.0897977352142334,0.626701295375824,0.5035097599029541,-0.536608874797821,0.3346472680568695,0.5231411457061768,-0.5838831067085266,0.6406072974205017,0.9173685312271118,-0.5997844934463501,0.3328048586845398,0.92212975025177,-0.6328648924827576,,,,,,,,,,,,,,,,,,,,,,,,,,,,,,,,,,,,,,,,,,,,,,,,,,,,,,
3169,0.49056053161621094,0.3421136438846588,-1.5346465110778809,0.5032407641410828,0.2823537290096283,-1.5034945011138916,0.5135833024978638,0.28025195002555847,-1.5036166906356812,0.5234735012054443,0.27842479944229126,-1.5037487745285034,0.47041934728622437,0.2857635021209717,-1.5131428241729736,0.4565463662147522,0.2862967550754547,-1.5135767459869385,0.44361403584480286,0.2866170406341553,-1.5140931606292725,0.5349776148796082,0.27920210361480713,-1.1252771615982056,0.4209304749965668,0.2865258753299713,-1.1670844554901123,0.5059244632720947,0.390755295753479,-1.3773282766342163,0.46600642800331116,0.40228646993637085,-1.3904811143875122,0.6271411776542664,0.5057417750358582,-0.7825981974601746,0.33453497290611267,0.524443507194519,-0.8256909847259521,0.6407209634780884,0.9209580421447754,-0.9555556178092957,0.33365678787231445,0.9237455725669861,-0.9485265612602234,,,,,,,,,,,,,,,,,,,,,,,,,,,,,,,,,,,,,,,,,,,,,,,,,,,,,,
3211,0.49250635504722595,0.34126168489456177,-1.3128007650375366,0.5052800178527832,0.28169968724250793,-1.2786568403244019,0.5158237814903259,0.2797730267047882,-1.278799295425415,0.5249518752098083,0.2782214879989624,-1.278790831565857,0.47269150614738464,0.28519105911254883,-1.2886515855789185,0.4585685133934021,0.2860404849052429,-1.2888768911361694,0.44533154368400574,0.2863565981388092,-1.2894166707992554,0.5356541872024536,0.2791604995727539,-0.9178836345672607,0.4212758243083954,0.2864568531513214,-0.9617069363594055,0.5077128410339355,0.39011698961257935,-1.1636160612106323,0.4681677520275116,0.40090569853782654,-1.1757903099060059,0.6276062726974487,0.5061140656471252,-0.6047330498695374,0.3352087438106537,0.5241052508354187,-0.6741347908973694,0.6433843970298767,0.9237326979637146,-0.7075864672660828,0.33437010645866394,0.9225545525550842,-0.6781986355781555,,,,,,,,,,,,,,,,,,,,,,,,,,,,,,,,,,,,,,,,,,,,,,,,,,,,,,
3253,0.4931923747062683,0.34089040756225586,-1.3786661624908447,0.5061529874801636,0.28261715173721313,-1.346699595451355,0.5167479515075684,0.2808534801006317,-1.3467979431152344,0.5262812972068787,0.27945762872695923,-1.3468917608261108,0.4728403091430664,0.2856733500957489,-1.3602615594863892,0.4586116671562195,0.2864173352718353,-1.3605488538742065,0.445454478263855,0.28676289319992065,-1.361055850982666,0.5367752313613892,0.28149640560150146,-0.9717300534248352,0.42176297307014465,0.2872702479362488,-1.0297027826309204,0.5087092518806458,0.3906843364238739,-1.2219420671463013,0.46833187341690063,0.4013942778110504,-1.2394996881484985,0.6277834177017212,0.5077656507492065,-0.6298570036888123,0.3346784710884094,0.5247206091880798,-0.7091809511184692,0.6433776617050171,0.9246253967285156,-0.7246493101119995,0.33423176407814026,0.925877034664154,-0.7350080013275146,,,,,,,,,,,,,,,,,,,,,,,,,,,,,,,,,,,,,,,,,,,,,,,,,,,,,,
3294,0.4952338933944702,0.34100785851478577,-1.0171077251434326,0.5078420639038086,0.282687246799469,-0.9902693629264832,0.5182114839553833,0.2808338403701782,-0.9904261231422424,0.5270169377326965,0.27939268946647644,-0.9905218482017517,0.4758792221546173,0.28589069843292236,-1.0044398307800293,0.46214914321899414,0.2867480516433716,-1.0044658184051514,0.4488196074962616,0.28724122047424316,-1.0049256086349487,0.5369142293930054,0.28156521916389465,-0.654715895652771,0.4228038787841797,0.28826361894607544,-0.7124205231666565,0.509722888469696,0.3903519809246063,-0.8755558133125305,0.47144490480422974,0.4007551968097687,-0.8923112750053406,0.6279438734054565,0.5081429481506348,-0.3710695505142212,0.33520495891571045,0.524794340133667,-0.42990171909332275,0.6433764696121216,0.9201085567474365,-0.39327195286750793,0.3323840796947479,0.9215026497840881,-0.3918085992336273,,,,,,,,,,,,,,,,,,,,,,,,,,,,,,,,,,,,,,,,,,,,,,,,,,,,,,
3336,0.4970715343952179,0.3434394896030426,-1.082374095916748,0.5092574954032898,0.2858644723892212,-1.052138090133667,0.519749104976654,0.2841445803642273,-1.052324652671814,0.5286942720413208,0.282821387052536,-1.0523593425750732,0.4775739312171936,0.28794756531715393,-1.066453456878662,0.4639171361923218,0.2883324921131134,-1.0665873289108276,0.4503924548625946,0.2885964810848236,-1.0670839548110962,0.5374373197555542,0.2836945950984955,-0.6962406039237976,0.42347875237464905,0.28906679153442383,-0.7564750909805298,0.5105739235877991,0.3923991918563843,-0.9333578944206238,0.4727507531642914,0.401318222284317,-0.9509632587432861,0.627919614315033,0.5079957246780396,-0.39135652780532837,0.3351525068283081,0.5245798826217651,-0.4565281271934509,0.6433104872703552,0.9130406975746155,-0.4349433481693268,0.33235740661621094,0.9197700023651123,-0.4664635956287384,,,,,,,,,,,,,,,,,,,,,,,,,,,,,,,,,,,,,,,,,,,,,,,,,,,,,,
3378,0.49701550602912903,0.343079149723053,-1.109319806098938,0.5092993378639221,0.28560882806777954,-1.0798401832580566,0.5198802351951599,0.2838903069496155,-1.080005407333374,0.5287826061248779,0.2825877368450165,-1.0800697803497314,0.47747763991355896,0.2877574861049652,-1.0924166440963745,0.4637974202632904,0.2881481647491455,-1.0925949811935425,0.4503118395805359,0.28844311833381653,-1.093106746673584,0.5378227233886719,0.28361865878105164,-0.7317981719970703,0.42352235317230225,0.28905564546585083,-0.7870371341705322,0.5107371807098389,0.3920932412147522,-0.9657377600669861,0.4728330075740814,0.4010047912597656,-0.9817270636558533,0.6284011006355286,0.5079942941665649,-0.42338651418685913,0.33534982800483704,0.5246033072471619,-0.48680251836776733,0.6434285640716553,0.911300778388977,-0.46799516677856445,0.33115383982658386,0.915844738483429,-0.4754411578178406,,,,,,,,,,,,,,,,,,,,,,,,,,,,,,,,,,,,,,,,,,,,,,,,,,,,,,
3420,0.4977775514125824,0.3429739773273468,-1.0512348413467407,0.5098773837089539,0.2854148745536804,-1.0194846391677856,0.5204223990440369,0.2836933434009552,-1.019692301750183,0.5294089913368225,0.2823982536792755,-1.0196484327316284,0.47814446687698364,0.28760966658592224,-1.0338621139526367,0.4644568860530853,0.2880078852176666,-1.033988118171692,0.4510444402694702,0.288322776556015,-1.0345052480697632,0.5380421280860901,0.283632755279541,-0.662061333656311,0.4238727390766144,0.28912338614463806,-0.7221047282218933,0.5112176537513733,0.39167317748069763,-0.9031872153282166,0.47328412532806396,0.4005658030509949,-0.9207813739776611,0.6284407377243042,0.5070171356201172,-0.36965104937553406,0.3356061577796936,0.5245451331138611,-0.43914681673049927,0.6436383128166199,0.9079148769378662,-0.4204028248786926,0.3314841091632843,0.914722740650177,-0.4715419113636017,,,,,,,,,,,,,,,,,,,,,,,,,,,,,,,,,,,,,,,,,,,,,,,,,,,,,,
3461,0.4983963668346405,0.342792272567749,-1.0380326509475708,0.5103183388710022,0.2853173613548279,-1.0042622089385986,0.5209587216377258,0.28356048464775085,-1.004399299621582,0.5297577977180481,0.2822604179382324,-1.0043691396713257,0.47896915674209595,0.2875942587852478,-1.0194728374481201,0.4654673933982849,0.28796494007110596,-1.0195146799087524,0.45188820362091064,0.2883024513721466,-1.0199759006500244,0.5382204055786133,0.2835938036441803,-0.6451049447059631,0.4243308901786804,0.28913378715515137,-0.7084172368049622,0.5122174620628357,0.3915148675441742,-0.8897023797035217,0.47488418221473694,0.4003342390060425,-0.908105731010437,0.6284998059272766,0.5070676803588867,-0.35360684990882874,0.3364030420780182,0.5241639614105225,-0.4244327247142792,0.6437221169471741,0.9082058668136597,-0.38804540038108826,0.3315203785896301,0.9132962226867676,-0.3897276222705841,,,,,,,,,,,,,,,,,,,,,,,,,,,,,,,,,,,,,,,,,,,,,,,,,,,,,,
3503,0.4983729124069214,0.3449539244174957,-1.0750449895858765,0.5103108882904053,0.2865237593650818,-1.0512560606002808,0.5209494829177856,0.2848872244358063,-1.0513943433761597,0.5297790765762329,0.2837130129337311,-1.0515079498291016,0.4788223206996918,0.28835755586624146,-1.0653139352798462,0.46520641446113586,0.2885221540927887,-1.065374493598938,0.4517100155353546,0.28869861364364624,-1.0658091306686401,0.5382432341575623,0.284601092338562,-0.700255811214447,0.42436566948890686,0.289350688457489,-0.7553678154945374,0.5122023820877075,0.39342552423477173,-0.924702525138855,0.47483667731285095,0.40213799476623535,-0.9405083060264587,0.6285731792449951,0.5068817734718323,-0.3903641402721405,0.3365383446216583,0.523955225944519,-0.43036949634552,0.6449857354164124,0.9087401032447815,-0.41727474331855774,0.3313238322734833,0.9111107587814331,-0.42987576127052307,,,,,,,,,,,,,,,,,,,,,,,,,,,,,,,,,,,,,,,,,,,,,,,,,,,,,,
3545,0.49853357672691345,0.34485530853271484,-1.0849109888076782,0.5104182958602905,0.2864789664745331,-1.059880018234253,0.5211129784584045,0.28482502698898315,-1.0600123405456543,0.5299526453018188,0.2836590111255646,-1.0601176023483276,0.4791007339954376,0.2883113920688629,-1.0729881525039673,0.46555274724960327,0.28847670555114746,-1.0730764865875244,0.4519238770008087,0.288673460483551,-1.0735350847244263,0.5383897423744202,0.2845996618270874,-0.7088544368743896,0.42443856596946716,0.28924286365509033,-0.7629868984222412,0.5124956965446472,0.39327287673950195,-0.9366300702095032,0.47488489747047424,0.40199291706085205,-0.9517809152603149,0.6288212537765503,0.5070413947105408,-0.4012932777404785,0.3367718458175659,0.523942768573761,-0.4501660168170929,0.6450804471969604,0.9119362831115723,-0.4325132668018341,0.3318467140197754,0.9187291860580444,-0.44040223956108093,,,,,,,,,,,,,,,,,,,,,,,,,,,,,,,,,,,,,,,,,,,,,,,,,,,,,,
3586,0.4991647005081177,0.34474655985832214,-0.9946056008338928,0.5109700560569763,0.28643545508384705,-0.9681237936019897,0.5216442346572876,0.2847779095172882,-0.9682707190513611,0.5302368402481079,0.2836167812347412,-0.968342125415802,0.4800882041454315,0.2882736623287201,-0.9825104475021362,0.46676528453826904,0.2884368896484375,-0.9825007915496826,0.45321741700172424,0.28863686323165894,-0.9829502701759338,0.538484513759613,0.2846052944660187,-0.6293638348579407,0.4250715970993042,0.2892909049987793,-0.6893362402915955,0.5127699375152588,0.3931455612182617,-0.852902352809906,0.47550398111343384,0.4015542268753052,-0.8699454665184021,0.6289111971855164,0.5071467757225037,-0.34996941685676575,0.33680278062820435,0.5233168005943298,-0.4137285053730011,0.6450935006141663,0.9118151664733887,-0.3827670216560364,0.33162572979927063,0.9203504323959351,-0.41589146852493286,,,,,,,,,,,,,,,,,,,,,,,,,,,,,,,,,,,,,,,,,,,,,,,,,,,,,,
3628,0.4991459250450134,0.34341758489608765,-1.242862582206726,0.5107426047325134,0.2858092486858368,-1.2094223499298096,0.5212109684944153,0.28420794010162354,-1.2096750736236572,0.5301494002342224,0.2830030918121338,-1.2097970247268677,0.4799821078777313,0.2873449921607971,-1.221825361251831,0.4666374623775482,0.28741005063056946,-1.222052812576294,0.45310547947883606,0.28758907318115234,-1.222535252571106,0.5385020971298218,0.28418824076652527,-0.8276230096817017,0.42516347765922546,0.28883516788482666,-0.8782138228416443,0.5128037333488464,0.3925038278102875,-1.083264708518982,0.47540929913520813,0.40114104747772217,-1.0983935594558716,0.6289259195327759,0.5064197182655334,-0.49155622720718384,0.33782100677490234,0.5204339623451233,-0.5247405171394348,0.6436920762062073,0.9133196473121643,-0.5267847776412964,0.3324816823005676,0.9203636646270752,-0.46102195978164673,0.5380426645278931,0.9969463348388672,-1.0529255867004395,,,,,,,,,,0.49366042017936707,0.9477084875106812,-1.238614797592163,,,,,,,,,,,,,,,,,,,,,,,,,,,,,,,,,,,,,,,
3670,0.499152809381485,0.3392433226108551,-1.368475317955017,0.5107319355010986,0.2833144962787628,-1.3379231691360474,0.5211567282676697,0.2819350063800812,-1.3380731344223022,0.5301535129547119,0.28098705410957336,-1.338355302810669,0.47998544573783875,0.2844946086406708,-1.3489383459091187,0.4666443467140198,0.28464487195014954,-1.3493380546569824,0.4531990587711334,0.28509265184402466,-1.349807858467102,0.5384804010391235,0.2831971347332001,-0.9739540219306946,0.4257112443447113,0.2868347465991974,-1.0193800926208496,0.5128068327903748,0.3898032307624817,-1.2151378393173218,0.4753928482532501,0.39978066086769104,-1.2290840148925781,0.6289835572242737,0.5068923234939575,-0.6451966762542725,0.33791133761405945,0.5191405415534973,-0.6581347584724426,0.6436012387275696,0.919007420539856,-0.6875134706497192,0.3324850797653198,0.9189582467079163,-0.5991485118865967,0.5278463959693909,0.9915118217468262,-1.1407978534698486,,,,,,,,,,0.48124077916145325,0.9327694177627563,-1.2971316576004028,,,,,,,,,,,,,,,,,,,,,,,,,,,,,,,,,,,,,,,
3712,0.49834662675857544,0.3351499140262604,-1.3502891063690186,0.5099137425422668,0.28133365511894226,-1.327048897743225,0.520185112953186,0.2801682949066162,-1.3269541263580322,0.5295446515083313,0.27943405508995056,-1.3275713920593262,0.4789769947528839,0.28206053376197815,-1.3387093544006348,0.46565574407577515,0.28217628598213196,-1.3395094871520996,0.45258551836013794,0.2824450433254242,-1.3402482271194458,0.53819739818573,0.2828015983104706,-0.9266859889030457,0.4257284104824066,0.2848335802555084,-0.9855898022651672,0.5123972296714783,0.3866412341594696,-1.2103365659713745,0.4745025932788849,0.3964245915412903,-1.2246206998825073,0.6284211874008179,0.5058513283729553,-0.6310693025588989,0.3377765715122223,0.5179212093353271,-0.6083294749259949,0.6427322626113892,0.9188640713691711,-0.5835379958152771,0.3302000164985657,0.9182108640670776,-0.4934210181236267,0.5186890959739685,0.9882929921150208,-1.0291576385498047,,,,,,,,,,0.46933040022850037,0.9306508302688599,-1.1711597442626953,,,,,,,,,,,,,,,,,,,,,,,,,,,,,,,,,,,,,,,
3753,0.49838295578956604,0.33784711360931396,-1.2801600694656372,0.5099272131919861,0.28309839963912964,-1.2500399351119995,0.5202277302742004,0.28192928433418274,-1.2500030994415283,0.529556155204773,0.28126004338264465,-1.2504163980484009,0.47911274433135986,0.2833000421524048,-1.264527440071106,0.46583816409111023,0.28309303522109985,-1.2649108171463013,0.4527420103549957,0.28306397795677185,-1.26554274559021,0.5382419228553772,0.2839658260345459,-0.8682296276092529,0.4257392883300781,0.28491950035095215,-0.9361051917076111,0.5123862624168396,0.3886636793613434,-1.1390080451965332,0.4744154214859009,0.39736372232437134,-1.1588774919509888,0.6284169554710388,0.5051912665367126,-0.5896283388137817,0.33769288659095764,0.5172119736671448,-0.6000731587409973,0.6426886320114136,0.919712245464325,-0.5479066967964172,0.3288331925868988,0.9178860187530518,-0.4747765362262726,0.5205925107002258,0.9888285398483276,-0.9975235462188721,,,,,,,,,,0.46873942017555237,0.9326502680778503,-1.1436549425125122,,,,,,,,,,,,,,,,,,,,,,,,,,,,,,,,,,,,,,,
3795,0.4983898997306824,0.3378320336341858,-1.2379779815673828,0.5099278092384338,0.2830558717250824,-1.2074711322784424,0.5202452540397644,0.2818596661090851,-1.207558512687683,0.5295464992523193,0.28116461634635925,-1.207771897315979,0.47904860973358154,0.2832920253276825,-1.2211827039718628,0.46568530797958374,0.28308579325675964,-1.2214490175247192,0.4526294767856598,0.28305596113204956,-1.2219754457473755,0.5381903052330017,0.28387537598609924,-0.8408472537994385,0.4257246255874634,0.28492051362991333,-0.8982298970222473,0.512407124042511,0.3884020447731018,-1.0903681516647339,0.4744701385498047,0.3971239924430847,-1.1074377298355103,0.6280124187469482,0.5040813684463501,-0.5482533574104309,0.33765509724617004,0.5173271894454956,-0.5758693218231201,0.6425270438194275,0.9192204475402832,-0.5630900263786316,0.32873860001564026,0.920336127281189,-0.48492202162742615,0.5097001194953918,0.9768992066383362,-1.0676918029785156,,,,,,,,,,0.45623570680618286,0.9317398071289062,-1.21165931224823,,,,0.4679383933544159,0.9188156723976135,-1.0856167078018188,,,,,,,,,,,,,,,,,,,,,,,,,,,,,,,,,
3837,0.4983767569065094,0.34433549642562866,-1.27371346950531,0.5099311470985413,0.287483274936676,-1.24399995803833,0.5202696919441223,0.28569382429122925,-1.244150161743164,0.5295370221138,0.2845483422279358,-1.244293451309204,0.47905153036117554,0.2875496745109558,-1.256615400314331,0.4656761586666107,0.2865220904350281,-1.2569037675857544,0.45261916518211365,0.2857486307621002,-1.2573878765106201,0.5381965637207031,0.2856033742427826,-0.8845667243003845,0.42568239569664,0.2857280969619751,-0.9354760050773621,0.5122140049934387,0.39345696568489075,-1.1229007244110107,0.47432947158813477,0.4019283950328827,-1.1384066343307495,0.6280210614204407,0.5038555860519409,-0.5610114336013794,0.33735838532447815,0.5174455642700195,-0.5970982313156128,0.6419795155525208,0.9168354868888855,-0.5973047018051147,0.3282873034477234,0.9203294515609741,-0.5146925449371338,0.5113354921340942,0.9841989278793335,-1.079389214515686,,,,,,,,,,0.46011531352996826,0.9363735914230347,-1.2316367626190186,,,,0.47089627385139465,0.9249072074890137,-1.1007407903671265,,,,,,,,,,,,,,,,,,,,,,,,,,,,,,,,,
3878,0.4979341924190521,0.34396880865097046,-1.1223225593566895,0.509701132774353,0.286957323551178,-1.1014567613601685,0.5200967192649841,0.28523802757263184,-1.1014759540557861,0.5292536616325378,0.2842048704624176,-1.1014823913574219,0.47898635268211365,0.2872008681297302,-1.1127227544784546,0.4656621813774109,0.28630074858665466,-1.11286199092865,0.4526101350784302,0.28565171360969543,-1.1133257150650024,0.5381938219070435,0.28558942675590515,-0.7905523180961609,0.4257344603538513,0.28574562072753906,-0.833522617816925,0.5117976665496826,0.39301788806915283,-0.9888626933097839,0.4741540253162384,0.40137407183647156,-1.0017446279525757,0.6281216740608215,0.50420081615448,-0.5005882978439331,0.33753594756126404,0.5171273350715637,-0.5615444183349609,0.6420592069625854,0.9166111946105957,-0.4959041476249695,0.3262164294719696,0.9192382097244263,-0.49664393067359924,0.512043833732605,0.9920770525932312,-0.9176919460296631,,,,,,,,,,0.4622098207473755,0.9455245137214661,-1.0473629236221313,,,,,,,,,,,,,,,,,,,,,,,,,,,,,,,,,,,,,,,
3920,0.4952062666416168,0.34144827723503113,-1.3311163187026978,0.5083121657371521,0.2832764983177185,-1.3014754056930542,0.5181230902671814,0.28175386786460876,-1.3016116619110107,0.528009295463562,0.2804582715034485,-1.3017874956130981,0.47569483518600464,0.28479883074760437,-1.310592770576477,0.4622672498226166,0.2844473421573639,-1.3109993934631348,0.44996577501296997,0.28409165143966675,-1.3114925622940063,0.5380057096481323,0.2835865616798401,-0.9507856965065002,0.425709992647171,0.2851238250732422,-0.9875310659408569,0.5109601616859436,0.39181458950042725,-1.183985948562622,0.47215306758880615,0.40125736594200134,-1.1954436302185059,0.6283795237541199,0.504610538482666,-0.6291033029556274,0.33777138590812683,0.5170445442199707,-0.6518420577049255,0.6424992084503174,0.9174365997314453,-0.688224196434021,0.3266248404979706,0.916045069694519,-0.6295560002326965,0.5127778053283691,0.9988414645195007,-1.1544162034988403,,,,,,,,,,0.4627438485622406,0.9478201270103455,-1.306053638458252,,,,,,,,,,,,,,,,,,,,,,,,,,,,,,,,,,,,,,,
3962,0.49265024065971375,0.3430493175983429,-1.3013006448745728,0.5067469477653503,0.2846020460128784,-1.2768570184707642,0.5167264342308044,0.28291070461273193,-1.276912808418274,0.5271736979484558,0.28147098422050476,-1.27705717086792,0.47280916571617126,0.2866175174713135,-1.2870413064956665,0.45896753668785095,0.2865191400051117,-1.2872790098190308,0.44713887572288513,0.2862527668476105,-1.2877399921417236,0.5380178689956665,0.2842983901500702,-0.9305427670478821,0.4251430630683899,0.28668519854545593,-0.9701051712036133,0.5098182559013367,0.3925630748271942,-1.153420329093933,0.470347136259079,0.40239956974983215,-1.1655795574188232,0.6291539072990417,0.5066922307014465,-0.6006300449371338,0.33733224868774414,0.5174331068992615,-0.637148916721344,0.6419911980628967,0.9177960157394409,-0.6302732229232788,0.3265604078769684,0.9091311693191528,-0.5912781357765198,0.5166267156600952,0.9993760585784912,-1.0750844478607178,,,,,,,,,,0.46395716071128845,0.9498401880264282,-1.2279313802719116,,,,,,,,,,,,,,,,,,,,,,,,,,,,,,,,,,,,,,,
4003,0.4917183518409729,0.3464065194129944,-1.3492833375930786,0.5064376592636108,0.28637534379959106,-1.320517897605896,0.5160812139511108,0.284747838973999,-1.3206638097763062,0.5267794132232666,0.28317543864250183,-1.3208783864974976,0.4719085693359375,0.28822600841522217,-1.3301209211349487,0.45797860622406006,0.2877931296825409,-1.3304698467254639,0.44617128372192383,0.28714293241500854,-1.33091402053833,0.5379177927970886,0.2846609652042389,-0.9656602740287781,0.4249546229839325,0.28669601678848267,-1.0028077363967896,0.5093097686767578,0.39431798458099365,-1.1985218524932861,0.4687766432762146,0.4043499231338501,-1.2101209163665771,0.629142165184021,0.5068772435188293,-0.6288734078407288,0.33591240644454956,0.518038272857666,-0.6545999050140381,0.6419815421104431,0.9185172915458679,-0.6530294418334961,0.32694336771965027,0.9116265773773193,-0.5748698115348816,0.5174598693847656,1.0051690340042114,-1.088326334953308,,,,,,,,,,0.46389564871788025,0.9499725103378296,-1.235995888710022,,,,,,,,,,,,,,,,,,,,,,,,,,,,,,,,,,,,,,,
