7.699485868215560913e-02,5.674070715904235840e-01,-3.808612823486328125e-01,-2.565402351319789886e-02,9.129753112792968750e-01,-6.906872391700744629e-01,1.008000746369361877e-01,6.029426455497741699e-01,-1.495530962944030762e+00,1.427270919084548950e-01,4.904236495494842529e-01,-1.672760844230651855e+00,1.563274264335632324e-01,5.807045698165893555e-01,-1.624302506446838379e+00,1.499406397342681885e-01,6.097719073295593262e-01,-1.494428634643554688e+00
7.697666436433792114e-02,5.671778917312622070e-01,-3.809970021247863770e-01,-2.560000866651535034e-02,9.141624569892883301e-01,-6.905905604362487793e-01,1.008442193269729614e-01,6.029062867164611816e-01,-1.495401382446289062e+00,1.427699029445648193e-01,4.916975200176239014e-01,-1.672908425331115723e+00,1.563725918531417847e-01,5.802324414253234863e-01,-1.623630523681640625e+00,1.500511765480041504e-01,6.098079681396484375e-01,-1.493939280509948730e+00
7.696104794740676880e-02,5.669453144073486328e-01,-3.811330497264862061e-01,-2.554393745958805084e-02,9.153274297714233398e-01,-6.904940009117126465e-01,1.008894890546798706e-01,6.028681993484497070e-01,-1.495267033576965332e+00,1.428140550851821899e-01,4.929562211036682129e-01,-1.673053622245788574e+00,1.564191132783889771e-01,5.797591209411621094e-01,-1.622946023941040039e+00,1.501646190881729126e-01,6.098412871360778809e-01,-1.493443131446838379e+00
7.694812864065170288e-02,5.667093992233276367e-01,-3.812694251537322998e-01,-2.548575587570667267e-02,9.164701700210571289e-01,-6.903977394104003906e-01,1.009359061717987061e-01,6.028282642364501953e-01,-1.495127677917480469e+00,1.428596079349517822e-01,4.941999018192291260e-01,-1.673196792602539062e+00,1.564670354127883911e-01,5.792846083641052246e-01,-1.622248888015747070e+00,1.502810269594192505e-01,6.098719239234924316e-01,-1.492940187454223633e+00
7.693802565336227417e-02,5.664700269699096680e-01,-3.814061582088470459e-01,-2.542540803551673889e-02,9.175909161567687988e-01,-6.903017163276672363e-01,1.009834557771682739e-01,6.027866601943969727e-01,-1.494983196258544922e+00,1.429065614938735962e-01,4.954285025596618652e-01,-1.673337459564208984e+00,1.565163731575012207e-01,5.788089036941528320e-01,-1.621538996696472168e+00,1.504004299640655518e-01,6.098999977111816406e-01,-1.492430567741394043e+00
7.693087309598922729e-02,5.662271976470947266e-01,-3.815431892871856689e-01,-2.536283805966377258e-02,9.186896681785583496e-01,-6.902058124542236328e-01,1.010321676731109619e-01,6.027433276176452637e-01,-1.494833588600158691e+00,1.429549902677536011e-01,4.966420531272888184e-01,-1.673475980758666992e+00,1.565671712160110474e-01,5.783320069313049316e-01,-1.620816230773925781e+00,1.505228877067565918e-01,6.099253296852111816e-01,-1.491914033889770508e+00
7.692679762840270996e-02,5.659808516502380371e-01,-3.816805779933929443e-01,-2.529798448085784912e-02,9.197665452957153320e-01,-6.901100873947143555e-01,1.010820493102073669e-01,6.026982665061950684e-01,-1.494678854942321777e+00,1.430048942565917969e-01,4.978406429290771484e-01,-1.673612117767333984e+00,1.566194444894790649e-01,5.778539776802062988e-01,-1.620080232620239258e+00,1.506484597921371460e-01,6.099481582641601562e-01,-1.491390705108642578e+00
7.692593336105346680e-02,5.657309293746948242e-01,-3.818183243274688721e-01,-2.523080073297023773e-02,9.208217859268188477e-01,-6.900146603584289551e-01,1.011330932378768921e-01,6.026513576507568359e-01,-1.494518756866455078e+00,1.430563330650329590e-01,4.990240931510925293e-01,-1.673745632171630859e+00,1.566732674837112427e-01,5.773746967315673828e-01,-1.619331240653991699e+00,1.507771462202072144e-01,6.099683046340942383e-01,-1.490860342979431152e+00
7.692840695381164551e-02,5.654774308204650879e-01,-3.819564580917358398e-01,-2.516121789813041687e-02,9.218555092811584473e-01,-6.899194121360778809e-01,1.011853143572807312e-01,6.026027202606201172e-01,-1.494353294372558594e+00,1.431093066930770874e-01,5.001926422119140625e-01,-1.673876762390136719e+00,1.567286550998687744e-01,5.768941640853881836e-01,-1.618569016456604004e+00,1.509090512990951538e-01,6.099858880043029785e-01,-1.490323185920715332e+00
7.693437486886978149e-02,5.652202367782592773e-01,-3.820949792861938477e-01,-2.508918009698390961e-02,9.228677153587341309e-01,-6.898244023323059082e-01,1.012387052178382874e-01,6.025524139404296875e-01,-1.494182348251342773e+00,1.431638747453689575e-01,5.013461709022521973e-01,-1.674005389213562012e+00,1.567856520414352417e-01,5.764126181602478027e-01,-1.617793202400207520e+00,1.510441750288009644e-01,6.100009083747863770e-01,-1.489778995513916016e+00
7.694394886493682861e-02,5.649594068527221680e-01,-3.822338581085205078e-01,-2.501462399959564209e-02,9.238585233688354492e-01,-6.897296309471130371e-01,1.012932807207107544e-01,6.025002002716064453e-01,-1.494005918502807617e+00,1.432200670242309570e-01,5.024847984313964844e-01,-1.674131155014038086e+00,1.568442881107330322e-01,5.759297013282775879e-01,-1.617003798484802246e+00,1.511825919151306152e-01,6.100134253501892090e-01,-1.489227890968322754e+00
7.695728540420532227e-02,5.646948218345642090e-01,-3.823730945587158203e-01,-2.493749000132083893e-02,9.248281121253967285e-01,-6.896350979804992676e-01,1.013490334153175354e-01,6.024463176727294922e-01,-1.493823647499084473e+00,1.432779133319854736e-01,5.036084651947021484e-01,-1.674254298210144043e+00,1.569045782089233398e-01,5.754458308219909668e-01,-1.616200685501098633e+00,1.513243168592453003e-01,6.100233793258666992e-01,-1.488669753074645996e+00
7.697452604770660400e-02,5.644263625144958496e-01,-3.825126886367797852e-01,-2.485771477222442627e-02,9.257766008377075195e-01,-6.895408034324645996e-01,1.014059558510780334e-01,6.023905277252197266e-01,-1.493635773658752441e+00,1.433374434709548950e-01,5.047172904014587402e-01,-1.674374699592590332e+00,1.569666117429733276e-01,5.749605894088745117e-01,-1.615383625030517578e+00,1.514693945646286011e-01,6.100308895111083984e-01,-1.488104581832885742e+00
7.699581980705261230e-02,5.641541481018066406e-01,-3.826526701450347900e-01,-2.477523498237133026e-02,9.267042279243469238e-01,-6.894467473030090332e-01,1.014640554785728455e-01,6.023331284523010254e-01,-1.493442177772521973e+00,1.433986872434616089e-01,5.058113336563110352e-01,-1.674492239952087402e+00,1.570304036140441895e-01,5.744742155075073242e-01,-1.614552736282348633e+00,1.516178548336029053e-01,6.100358963012695312e-01,-1.487532258033752441e+00
7.702128589153289795e-02,5.638779401779174805e-01,-3.827930986881256104e-01,-2.468998171389102936e-02,9.276108741760253906e-01,-6.893529295921325684e-01,1.015233024954795837e-01,6.022737622261047363e-01,-1.493242621421813965e+00,1.434617042541503906e-01,5.068904757499694824e-01,-1.674607038497924805e+00,1.570959687232971191e-01,5.739867091178894043e-01,-1.613707661628723145e+00,1.517697423696517944e-01,6.100383996963500977e-01,-1.486952900886535645e+00
7.705110311508178711e-02,5.635979175567626953e-01,-3.829338848590850830e-01,-2.460189722478389740e-02,9.284967780113220215e-01,-6.892593502998352051e-01,1.015836969017982483e-01,6.022127270698547363e-01,-1.493036985397338867e+00,1.435264945030212402e-01,5.079548954963684082e-01,-1.674718737602233887e+00,1.571633666753768921e-01,5.734979510307312012e-01,-1.612848281860351562e+00,1.519250869750976562e-01,6.100383996963500977e-01,-1.486366391181945801e+00
7.708539813756942749e-02,5.633138418197631836e-01,-3.830750882625579834e-01,-2.451091073453426361e-02,9.293620586395263672e-01,-6.891660094261169434e-01,1.016452461481094360e-01,6.021498441696166992e-01,-1.492825150489807129e+00,1.435931026935577393e-01,5.090045928955078125e-01,-1.674827575683593750e+00,1.572326570749282837e-01,5.730081200599670410e-01,-1.611974477767944336e+00,1.520839184522628784e-01,6.100360751152038574e-01,-1.485772728919982910e+00
7.712431997060775757e-02,5.630257129669189453e-01,-3.832166790962219238e-01,-2.441695146262645721e-02,9.302067756652832031e-01,-6.890729665756225586e-01,1.017079055309295654e-01,6.020852327346801758e-01,-1.492607355117797852e+00,1.436615437269210815e-01,5.100396275520324707e-01,-1.674933195114135742e+00,1.573038548231124878e-01,5.725169777870178223e-01,-1.611086249351501465e+00,1.522462218999862671e-01,6.100312471389770508e-01,-1.485171794891357422e+00
7.716801762580871582e-02,5.627334713935852051e-01,-3.833587467670440674e-01,-2.431995794177055359e-02,9.310311079025268555e-01,-6.889801621437072754e-01,1.017716526985168457e-01,6.020187139511108398e-01,-1.492383122444152832e+00,1.437318772077560425e-01,5.110600590705871582e-01,-1.675035834312438965e+00,1.573769748210906982e-01,5.720248818397521973e-01,-1.610183477401733398e+00,1.524120718240737915e-01,6.100239753723144531e-01,-1.484563708305358887e+00
7.721664011478424072e-02,5.624371170997619629e-01,-3.835011720657348633e-01,-2.421985194087028503e-02,9.318351149559020996e-01,-6.888875961303710938e-01,1.018364876508712769e-01,6.019504666328430176e-01,-1.492152690887451172e+00,1.438041180372238159e-01,5.120658874511718750e-01,-1.675135254859924316e+00,1.574521213769912720e-01,5.715314745903015137e-01,-1.609265804290771484e+00,1.525814682245254517e-01,6.100143194198608398e-01,-1.483948349952697754e+00
7.727032899856567383e-02,5.621365904808044434e-01,-3.836440443992614746e-01,-2.411657199263572693e-02,9.326190352439880371e-01,-6.887953281402587891e-01,1.019023656845092773e-01,6.018803119659423828e-01,-1.491915702819824219e+00,1.438782811164855957e-01,5.130572319030761719e-01,-1.675231337547302246e+00,1.575292795896530151e-01,5.710369348526000977e-01,-1.608333230018615723e+00,1.527543962001800537e-01,6.100023388862609863e-01,-1.483325719833374023e+00
7.732923328876495361e-02,5.618317723274230957e-01,-3.837873339653015137e-01,-2.401004359126091003e-02,9.333827495574951172e-01,-6.887032985687255859e-01,1.019692644476890564e-01,6.018084883689880371e-01,-1.491672158241271973e+00,1.439544111490249634e-01,5.140340328216552734e-01,-1.675324082374572754e+00,1.576085090637207031e-01,5.705412626266479492e-01,-1.607385635375976562e+00,1.529309004545211792e-01,6.099880337715148926e-01,-1.482695698738098145e+00
7.739349454641342163e-02,5.615226626396179199e-01,-3.839311003684997559e-01,-2.390019036829471588e-02,9.341264963150024414e-01,-6.886116266250610352e-01,1.020371466875076294e-01,6.017348170280456543e-01,-1.491422057151794434e+00,1.440325230360031128e-01,5.149964690208435059e-01,-1.675413489341735840e+00,1.576898545026779175e-01,5.700443983078002930e-01,-1.606423139572143555e+00,1.531109660863876343e-01,6.099713444709777832e-01,-1.482058525085449219e+00
7.746326178312301636e-02,5.612092614173889160e-01,-3.840753138065338135e-01,-2.378694340586662292e-02,9.348503947257995605e-01,-6.885201930999755859e-01,1.021059677004814148e-01,6.016592979431152344e-01,-1.491165280342102051e+00,1.441126465797424316e-01,5.159445405006408691e-01,-1.675499439239501953e+00,1.577733457088470459e-01,5.695463418960571289e-01,-1.605445384979248047e+00,1.532945930957794189e-01,6.099524497985839844e-01,-1.481413960456848145e+00
7.753867655992507935e-02,5.608914494514465332e-01,-3.842199444770812988e-01,-2.367022819817066193e-02,9.355545639991760254e-01,-6.884289979934692383e-01,1.021756976842880249e-01,6.015819907188415527e-01,-1.490901589393615723e+00,1.441948115825653076e-01,5.168783068656921387e-01,-1.675581812858581543e+00,1.578590273857116699e-01,5.690471529960632324e-01,-1.604452133178710938e+00,1.534817814826965332e-01,6.099311113357543945e-01,-1.480761885643005371e+00
7.761987298727035522e-02,5.605692267417907715e-01,-3.843650817871093750e-01,-2.354996465146541595e-02,9.362390637397766113e-01,-6.883381009101867676e-01,1.022462770342826843e-01,6.015028357505798340e-01,-1.490631103515625000e+00,1.442790329456329346e-01,5.177978873252868652e-01,-1.675660729408264160e+00,1.579469442367553711e-01,5.685467720031738281e-01,-1.603443503379821777e+00,1.536725163459777832e-01,6.099075078964233398e-01,-1.480102539062500000e+00
7.770700007677078247e-02,5.602424144744873047e-01,-3.845106363296508789e-01,-2.342608384788036346e-02,9.369039535522460938e-01,-6.882475018501281738e-01,1.023176535964012146e-01,6.014218330383300781e-01,-1.490353584289550781e+00,1.443653106689453125e-01,5.187032818794250488e-01,-1.675735831260681152e+00,1.580371409654617310e-01,5.680453181266784668e-01,-1.602419376373291016e+00,1.538667976856231689e-01,6.098816394805908203e-01,-1.479435682296752930e+00
7.780018448829650879e-02,5.599110722541809082e-01,-3.846567273139953613e-01,-2.329850755631923676e-02,9.375494122505187988e-01,-6.881572008132934570e-01,1.023897677659988403e-01,6.013390421867370605e-01,-1.490068912506103516e+00,1.444536894559860229e-01,5.195945501327514648e-01,-1.675807237625122070e+00,1.581296324729919434e-01,5.675426721572875977e-01,-1.601379632949829102e+00,1.540645509958267212e-01,6.098535656929016113e-01,-1.478761434555053711e+00
7.789956778287887573e-02,5.595752000808715820e-01,-3.848032355308532715e-01,-2.316715382039546967e-02,9.381756186485290527e-01,-6.880671977996826172e-01,1.024625673890113831e-01,6.012544631958007812e-01,-1.489777207374572754e+00,1.445441544055938721e-01,5.204718708992004395e-01,-1.675874829292297363e+00,1.582244634628295898e-01,5.670388340950012207e-01,-1.600324034690856934e+00,1.542657911777496338e-01,6.098231077194213867e-01,-1.478079795837402344e+00
7.800526916980743408e-02,5.592346191406250000e-01,-3.849502503871917725e-01,-2.303194254636764526e-02,9.387823939323425293e-01,-6.879774928092956543e-01,1.025359556078910828e-01,6.011680364608764648e-01,-1.489478230476379395e+00,1.446367502212524414e-01,5.213351845741271973e-01,-1.675938606262207031e+00,1.583216935396194458e-01,5.665338635444641113e-01,-1.599252700805664062e+00,1.544704735279083252e-01,6.097905635833740234e-01,-1.477390527725219727e+00
7.811742275953292847e-02,5.588893294334411621e-01,-3.850977718830108643e-01,-2.289280295372009277e-02,9.393700957298278809e-01,-6.878880262374877930e-01,1.026098877191543579e-01,6.010798215866088867e-01,-1.489171743392944336e+00,1.447314769029617310e-01,5.221845507621765137e-01,-1.675998449325561523e+00,1.584213525056838989e-01,5.660278201103210449e-01,-1.598165392875671387e+00,1.546785384416580200e-01,6.097557544708251953e-01,-1.476693868637084961e+00
7.823614776134490967e-02,5.585392713546752930e-01,-3.852457702159881592e-01,-2.274964191019535065e-02,9.399387240409851074e-01,-6.877988576889038086e-01,1.026842519640922546e-01,6.009896993637084961e-01,-1.488857984542846680e+00,1.448283344507217407e-01,5.230201482772827148e-01,-1.676054239273071289e+00,1.585234552621841431e-01,5.655205845832824707e-01,-1.597061991691589355e+00,1.548899412155151367e-01,6.097187399864196777e-01,-1.475989580154418945e+00
7.836156338453292847e-02,5.581843852996826172e-01,-3.853943049907684326e-01,-2.260239422321319580e-02,9.404883384704589844e-01,-6.877100467681884766e-01,1.027589887380599976e-01,6.008977890014648438e-01,-1.488536596298217773e+00,1.449273228645324707e-01,5.238419771194458008e-01,-1.676105976104736328e+00,1.586280614137649536e-01,5.650122165679931641e-01,-1.595942616462707520e+00,1.551046073436737061e-01,6.096796393394470215e-01,-1.475277781486511230e+00
7.849378138780593872e-02,5.578246712684631348e-01,-3.855433464050292969e-01,-2.245096303522586823e-02,9.410191178321838379e-01,-6.876215338706970215e-01,1.028339713811874390e-01,6.008040308952331543e-01,-1.488207697868347168e+00,1.450284570455551147e-01,5.246501564979553223e-01,-1.676153659820556641e+00,1.587352156639099121e-01,5.645026564598083496e-01,-1.594807147979736328e+00,1.553224921226501465e-01,6.096383333206176758e-01,-1.474558472633361816e+00
7.863291352987289429e-02,5.574600100517272949e-01,-3.856928944587707520e-01,-2.229527011513710022e-02,9.415310025215148926e-01,-6.875332593917846680e-01,1.029091104865074158e-01,6.007084250450134277e-01,-1.487871050834655762e+00,1.451317220926284790e-01,5.254448056221008301e-01,-1.676196932792663574e+00,1.588449180126190186e-01,5.639920234680175781e-01,-1.593655109405517578e+00,1.555434763431549072e-01,6.095948815345764160e-01,-1.473831534385681152e+00
7.877905666828155518e-02,5.570904016494750977e-01,-3.858429789543151855e-01,-2.213523164391517639e-02,9.420241713523864746e-01,-6.874454021453857422e-01,1.029842868447303772e-01,6.006109714508056641e-01,-1.487526655197143555e+00,1.452371180057525635e-01,5.262258052825927734e-01,-1.676235914230346680e+00,1.589572429656982422e-01,5.634802579879760742e-01,-1.592486977577209473e+00,1.557675004005432129e-01,6.095492243766784668e-01,-1.473097085952758789e+00
7.893231511116027832e-02,5.567157268524169922e-01,-3.859935998916625977e-01,-2.197076566517353058e-02,9.424986839294433594e-01,-6.873577237129211426e-01,1.030593737959861755e-01,6.005116701126098633e-01,-1.487174391746520996e+00,1.453446447849273682e-01,5.269935131072998047e-01,-1.676270723342895508e+00,1.590721756219863892e-01,5.629673004150390625e-01,-1.591302394866943359e+00,1.559944599866867065e-01,6.095015406608581543e-01,-1.472354769706726074e+00
7.909277081489562988e-02,5.563360452651977539e-01,-3.861447572708129883e-01,-2.180178090929985046e-02,9.429546594619750977e-01,-6.872705221176147461e-01,1.031342670321464539e-01,6.004105806350708008e-01,-1.486814022064208984e+00,1.454542726278305054e-01,5.277477502822875977e-01,-1.676300883293151855e+00,1.591897904872894287e-01,5.624532699584960938e-01,-1.590101242065429688e+00,1.562242358922958374e-01,6.094517111778259277e-01,-1.471605062484741211e+00
7.926052063703536987e-02,5.559511184692382812e-01,-3.862964510917663574e-01,-2.162819355726242065e-02,9.433921575546264648e-01,-6.871834993362426758e-01,1.032088100910186768e-01,6.003075838088989258e-01,-1.486445665359497070e+00,1.455659717321395874e-01,5.284888148307800293e-01,-1.676326632499694824e+00,1.593101173639297485e-01,5.619380474090576172e-01,-1.588883638381958008e+00,1.564567089080810547e-01,6.093997955322265625e-01,-1.470847606658935547e+00
7.943563908338546753e-02,5.555610656738281250e-01,-3.864487111568450928e-01,-2.144991420209407806e-02,9.438112378120422363e-01,-6.870968341827392578e-01,1.032828614115715027e-01,6.002027988433837891e-01,-1.486069202423095703e+00,1.456797420978546143e-01,5.292167067527770996e-01,-1.676347732543945312e+00,1.594331562519073486e-01,5.614218115806579590e-01,-1.587649464607238770e+00,1.566917300224304199e-01,6.093457937240600586e-01,-1.470082759857177734e+00
7.961819320917129517e-02,5.551658272743225098e-01,-3.866015374660491943e-01,-2.126685716211795807e-02,9.442119598388671875e-01,-6.870105266571044922e-01,1.033562645316123962e-01,6.000961661338806152e-01,-1.485684394836425781e+00,1.457955539226531982e-01,5.299314260482788086e-01,-1.676364183425903320e+00,1.595589518547058105e-01,5.609043836593627930e-01,-1.586398601531982422e+00,1.569291651248931885e-01,6.092898249626159668e-01,-1.469309926033020020e+00
7.980825752019882202e-02,5.547652244567871094e-01,-3.867549300193786621e-01,-2.107893489301204681e-02,9.445943236351013184e-01,-6.869245171546936035e-01,1.034288629889488220e-01,5.999876856803894043e-01,-1.485291361808776855e+00,1.459133476018905640e-01,5.306331515312194824e-01,-1.676375865936279297e+00,1.596875190734863281e-01,5.603858232498168945e-01,-1.585131049156188965e+00,1.571688652038574219e-01,6.092317700386047363e-01,-1.468529582023620605e+00
8.000586926937103271e-02,5.543593168258666992e-01,-3.869089186191558838e-01,-2.088605798780918121e-02,9.449585676193237305e-01,-6.868387460708618164e-01,1.035004556179046631e-01,5.998774170875549316e-01,-1.484889864921569824e+00,1.460331231355667114e-01,5.313218832015991211e-01,-1.676382899284362793e+00,1.598189026117324829e-01,5.598661303520202637e-01,-1.583846807479858398e+00,1.574106365442276001e-01,6.091716289520263672e-01,-1.467741489410400391e+00
8.021110296249389648e-02,5.539479851722717285e-01,-3.870635032653808594e-01,-2.068812958896160126e-02,9.453046321868896484e-01,-6.867533922195434570e-01,1.035708710551261902e-01,5.997652411460876465e-01,-1.484479904174804688e+00,1.461547911167144775e-01,5.319977998733520508e-01,-1.676384806632995605e+00,1.599531024694442749e-01,5.593453645706176758e-01,-1.582545876502990723e+00,1.576542854309082031e-01,6.091095805168151855e-01,-1.466945648193359375e+00
8.042398095130920410e-02,5.535312294960021973e-01,-3.872186541557312012e-01,-2.048506401479244232e-02,9.456325769424438477e-01,-6.866683959960937500e-01,1.036399155855178833e-01,5.996511578559875488e-01,-1.484061360359191895e+00,1.462783366441726685e-01,5.326610207557678223e-01,-1.676381826400756836e+00,1.600901633501052856e-01,5.588235259056091309e-01,-1.581228017807006836e+00,1.578996330499649048e-01,6.090454459190368652e-01,-1.466142296791076660e+00
8.064455538988113403e-02,5.531089901924133301e-01,-3.873744308948516846e-01,-2.027676999568939209e-02,9.459425210952758789e-01,-6.865836381912231445e-01,1.037073656916618347e-01,5.995353460311889648e-01,-1.483634114265441895e+00,1.464036703109741211e-01,5.333115458488464355e-01,-1.676373839378356934e+00,1.602300703525543213e-01,5.583004951477050781e-01,-1.579893469810485840e+00,1.581464409828186035e-01,6.089794039726257324e-01,-1.465331077575683594e+00
8.087284117937088013e-02,5.526812076568603516e-01,-3.875308334827423096e-01,-2.006315812468528748e-02,9.462345838546752930e-01,-6.864992380142211914e-01,1.037730276584625244e-01,5.994176268577575684e-01,-1.483198165893554688e+00,1.465307325124740601e-01,5.339494943618774414e-01,-1.676360607147216797e+00,1.603728681802749634e-01,5.577763915061950684e-01,-1.578541994094848633e+00,1.583944857120513916e-01,6.089113950729370117e-01,-1.464512109756469727e+00
8.110885322093963623e-02,5.522477626800537109e-01,-3.876878023147583008e-01,-1.984412781894207001e-02,9.465085268020629883e-01,-6.864151954650878906e-01,1.038366332650184631e-01,5.992980599403381348e-01,-1.482753396034240723e+00,1.466594785451889038e-01,5.345749258995056152e-01,-1.676342248916625977e+00,1.605185568332672119e-01,5.572512149810791016e-01,-1.577173590660095215e+00,1.586435139179229736e-01,6.088414192199707031e-01,-1.463685512542724609e+00
8.135260641574859619e-02,5.518087148666381836e-01,-3.878453969955444336e-01,-1.961959153413772583e-02,9.467648267745971680e-01,-6.863313913345336914e-01,1.038979589939117432e-01,5.991767048835754395e-01,-1.482299685478210449e+00,1.467897891998291016e-01,5.351880192756652832e-01,-1.676318645477294922e+00,1.606671512126922607e-01,5.567248463630676270e-01,-1.575788378715515137e+00,1.588932573795318604e-01,6.087694764137268066e-01,-1.462851166725158691e+00
8.160410076379776001e-02,5.513638854026794434e-01,-3.880036771297454834e-01,-1.938945055007934570e-02,9.470031261444091797e-01,-6.862480640411376953e-01,1.039567440748214722e-01,5.990534424781799316e-01,-1.481836915016174316e+00,1.469216048717498779e-01,5.357887744903564453e-01,-1.676289677619934082e+00,1.608186662197113037e-01,5.561974644660949707e-01,-1.574386358261108398e+00,1.591434180736541748e-01,6.086956858634948730e-01,-1.462008953094482422e+00
8.186334371566772461e-02,5.509134531021118164e-01,-3.881625831127166748e-01,-1.915361359715461731e-02,9.472238421440124512e-01,-6.861650347709655762e-01,1.040127128362655640e-01,5.989283919334411621e-01,-1.481365203857421875e+00,1.470548212528228760e-01,5.363773703575134277e-01,-1.676255106925964355e+00,1.609730720520019531e-01,5.556689500808715820e-01,-1.572967290878295898e+00,1.593937277793884277e-01,6.086199283599853516e-01,-1.461159110069274902e+00
8.213028311729431152e-02,5.504570603370666504e-01,-3.883221447467803955e-01,-1.891198568046092987e-02,9.474266767501831055e-01,-6.860823035240173340e-01,1.040655896067619324e-01,5.988014936447143555e-01,-1.480884313583374023e+00,1.471893042325973511e-01,5.369537472724914551e-01,-1.676215291023254395e+00,1.611304134130477905e-01,5.551393628120422363e-01,-1.571531414985656738e+00,1.596438139677047729e-01,6.085422635078430176e-01,-1.460301518440246582e+00
8.240494132041931152e-02,5.499949455261230469e-01,-3.884823620319366455e-01,-1.866446807980537415e-02,9.476119279861450195e-01,-6.859999299049377441e-01,1.041150540113449097e-01,5.986726880073547363e-01,-1.480394005775451660e+00,1.473249793052673340e-01,5.375182032585144043e-01,-1.676169633865356445e+00,1.612906754016876221e-01,5.546086430549621582e-01,-1.570078849792480469e+00,1.598933786153793335e-01,6.084628105163574219e-01,-1.459436058998107910e+00
8.268724381923675537e-02,5.495268106460571289e-01,-3.886432647705078125e-01,-1.841096766293048859e-02,9.477795362472534180e-01,-6.859177947044372559e-01,1.041608229279518127e-01,5.985420942306518555e-01,-1.479894518852233887e+00,1.474616974592208862e-01,5.380706787109375000e-01,-1.676118373870849609e+00,1.614538282155990601e-01,5.540769100189208984e-01,-1.568609237670898438e+00,1.601420342922210693e-01,6.083814501762390137e-01,-1.458562970161437988e+00
8.297719061374664307e-02,5.490528345108032227e-01,-3.888047933578491211e-01,-1.815139316022396088e-02,9.479295611381530762e-01,-6.858361363410949707e-01,1.042025387287139893e-01,5.984096527099609375e-01,-1.479385614395141602e+00,1.475993245840072632e-01,5.386112928390502930e-01,-1.676061272621154785e+00,1.616198867559432983e-01,5.535440444946289062e-01,-1.567122936248779297e+00,1.603893935680389404e-01,6.082982420921325684e-01,-1.457682132720947266e+00
8.327469974756240845e-02,5.485728383064270020e-01,-3.889670670032501221e-01,-1.788563653826713562e-02,9.480619430541992188e-01,-6.857547760009765625e-01,1.042398884892463684e-01,5.982754230499267578e-01,-1.478867173194885254e+00,1.477377116680145264e-01,5.391402244567871094e-01,-1.675998330116271973e+00,1.617888212203979492e-01,5.530101060867309570e-01,-1.565619945526123047e+00,1.606350541114807129e-01,6.082131862640380859e-01,-1.456793665885925293e+00
8.357972651720046997e-02,5.480868220329284668e-01,-3.891299962997436523e-01,-1.761360280215740204e-02,9.481769204139709473e-01,-6.856737136840820312e-01,1.042724922299385071e-01,5.981392860412597656e-01,-1.478339195251464844e+00,1.478767246007919312e-01,5.396574735641479492e-01,-1.675929665565490723e+00,1.619606465101242065e-01,5.524750351905822754e-01,-1.564099907875061035e+00,1.608785986900329590e-01,6.081262826919555664e-01,-1.455897212028503418e+00
8.389221876859664917e-02,5.475946664810180664e-01,-3.892936706542968750e-01,-1.733520254492759705e-02,9.482741951942443848e-01,-6.855930685997009277e-01,1.042999774217605591e-01,5.980013012886047363e-01,-1.477801680564880371e+00,1.480161547660827637e-01,5.401632189750671387e-01,-1.675854682922363281e+00,1.621353030204772949e-01,5.519389510154724121e-01,-1.562563419342041016e+00,1.611195802688598633e-01,6.080376505851745605e-01,-1.454993009567260742e+00
8.421208709478378296e-02,5.470964312553405762e-01,-3.894579708576202393e-01,-1.705032959580421448e-02,9.483541846275329590e-01,-6.855127215385437012e-01,1.043219715356826782e-01,5.978615283966064453e-01,-1.477254271507263184e+00,1.481558531522750854e-01,5.406574606895446777e-01,-1.675773859024047852e+00,1.623127758502960205e-01,5.514017343521118164e-01,-1.561010241508483887e+00,1.613575220108032227e-01,6.079471111297607422e-01,-1.454081177711486816e+00
8.453927189111709595e-02,5.465920567512512207e-01,-3.896230459213256836e-01,-1.675889827311038971e-02,9.484166502952575684e-01,-6.854326725006103516e-01,1.043380573391914368e-01,5.977199077606201172e-01,-1.476697206497192383e+00,1.482956260442733765e-01,5.411403775215148926e-01,-1.675686836242675781e+00,1.624930500984191895e-01,5.508635044097900391e-01,-1.559440374374389648e+00,1.615919172763824463e-01,6.078549623489379883e-01,-1.453161597251892090e+00
8.487366139888763428e-02,5.460814237594604492e-01,-3.897888660430908203e-01,-1.646078750491142273e-02,9.484617114067077637e-01,-6.853530406951904297e-01,1.043478250503540039e-01,5.975764393806457520e-01,-1.476130366325378418e+00,1.484352350234985352e-01,5.416120290756225586e-01,-1.675593376159667969e+00,1.626760810613632202e-01,5.503242015838623047e-01,-1.557854056358337402e+00,1.618222743272781372e-01,6.077609658241271973e-01,-1.452234387397766113e+00
8.521518856287002563e-02,5.455645322799682617e-01,-3.899554312229156494e-01,-1.615592837333679199e-02,9.484894275665283203e-01,-6.852737665176391602e-01,1.043508127331733704e-01,5.974311828613281250e-01,-1.475553393363952637e+00,1.485744863748550415e-01,5.420725345611572266e-01,-1.675493836402893066e+00,1.628617942333221436e-01,5.497837662696838379e-01,-1.556251287460327148e+00,1.620479971170425415e-01,6.076651215553283691e-01,-1.451299309730529785e+00
8.556373417377471924e-02,5.450413823127746582e-01,-3.901227116584777832e-01,-1.584419794380664825e-02,9.484997391700744629e-01,-6.851947903633117676e-01,1.043465957045555115e-01,5.972840785980224609e-01,-1.474966645240783691e+00,1.487131714820861816e-01,5.425219535827636719e-01,-1.675387740135192871e+00,1.630501747131347656e-01,5.492424368858337402e-01,-1.554631948471069336e+00,1.622685492038726807e-01,6.075676679611206055e-01,-1.450356483459472656e+00
8.591920137405395508e-02,5.445118546485900879e-01,-3.902907371520996094e-01,-1.552551053464412689e-02,9.484926462173461914e-01,-6.851161718368530273e-01,1.043346822261810303e-01,5.971351265907287598e-01,-1.474369764328002930e+00,1.488509923219680786e-01,5.429604053497314453e-01,-1.675275087356567383e+00,1.632411628961563110e-01,5.486999154090881348e-01,-1.552996397018432617e+00,1.624833345413208008e-01,6.074684262275695801e-01,-1.449406027793884277e+00
8.628149330615997314e-02,5.439759492874145508e-01,-3.904595673084259033e-01,-1.519975624978542328e-02,9.484682679176330566e-01,-6.850379705429077148e-01,1.043146103620529175e-01,5.969844460487365723e-01,-1.473762631416320801e+00,1.489877104759216309e-01,5.433880090713500977e-01,-1.675155878067016602e+00,1.634346991777420044e-01,5.481563806533813477e-01,-1.551344752311706543e+00,1.626917421817779541e-01,6.073675155639648438e-01,-1.448447942733764648e+00
8.665046840906143188e-02,5.434336662292480469e-01,-3.906291723251342773e-01,-1.486684940755367279e-02,9.484266638755798340e-01,-6.849600076675415039e-01,1.042858436703681946e-01,5.968318581581115723e-01,-1.473145365715026855e+00,1.491230577230453491e-01,5.438048243522644043e-01,-1.675029993057250977e+00,1.636307388544082642e-01,5.476118326187133789e-01,-1.549676895141601562e+00,1.628931164741516113e-01,6.072648167610168457e-01,-1.447481989860534668e+00
8.702601492404937744e-02,5.428848862648010254e-01,-3.907995223999023438e-01,-1.452669128775596619e-02,9.483675956726074219e-01,-6.848825216293334961e-01,1.042478829622268677e-01,5.966774225234985352e-01,-1.472517848014831543e+00,1.492567211389541626e-01,5.442110300064086914e-01,-1.674897313117980957e+00,1.638291627168655396e-01,5.470660924911499023e-01,-1.547993063926696777e+00,1.630867421627044678e-01,6.071605086326599121e-01,-1.446508407592773438e+00
8.740800619125366211e-02,5.423296689987182617e-01,-3.909707069396972656e-01,-1.417917385697364807e-02,9.482913017272949219e-01,-6.848052740097045898e-01,1.042001694440841675e-01,5.965211987495422363e-01,-1.471880078315734863e+00,1.493884027004241943e-01,5.446066260337829590e-01,-1.674757957458496094e+00,1.640299409627914429e-01,5.465193390846252441e-01,-1.546293258666992188e+00,1.632719635963439941e-01,6.070545315742492676e-01,-1.445527195930480957e+00
8.779630810022354126e-02,5.417680144309997559e-01,-3.911426365375518799e-01,-1.382420770823955536e-02,9.481976628303527832e-01,-6.847284436225891113e-01,1.041421592235565186e-01,5.963632464408874512e-01,-1.471231818199157715e+00,1.495177745819091797e-01,5.449916720390319824e-01,-1.674611568450927734e+00,1.642329394817352295e-01,5.459716320037841797e-01,-1.544577717781066895e+00,1.634480357170104980e-01,6.069469451904296875e-01,-1.444538474082946777e+00
8.819079399108886719e-02,5.411997437477111816e-01,-3.913154304027557373e-01,-1.346168667078018188e-02,9.480868577957153320e-01,-6.846519708633422852e-01,1.040732860565185547e-01,5.962033867835998535e-01,-1.470573067665100098e+00,1.496445238590240479e-01,5.453664064407348633e-01,-1.674458146095275879e+00,1.644380986690521240e-01,5.454228520393371582e-01,-1.542846441268920898e+00,1.636142134666442871e-01,6.068376302719116211e-01,-1.443541884422302246e+00
8.859131485223770142e-02,5.406248569488525391e-01,-3.914890289306640625e-01,-1.309152599424123764e-02,9.479586482048034668e-01,-6.845757365226745605e-01,1.039929315447807312e-01,5.960417985916137695e-01,-1.469903826713562012e+00,1.497682482004165649e-01,5.457308292388916016e-01,-1.674297690391540527e+00,1.646453291177749634e-01,5.448730587959289551e-01,-1.541099905967712402e+00,1.637696921825408936e-01,6.067267060279846191e-01,-1.442537903785705566e+00
8.899773657321929932e-02,5.400434136390686035e-01,-3.916634917259216309e-01,-1.271361671388149261e-02,9.478133320808410645e-01,-6.845000386238098145e-01,1.039005219936370850e-01,5.958783030509948730e-01,-1.469223856925964355e+00,1.498885750770568848e-01,5.460850000381469727e-01,-1.674130082130432129e+00,1.648544818162918091e-01,5.443222522735595703e-01,-1.539337635040283203e+00,1.639136672019958496e-01,6.066141128540039062e-01,-1.441526055335998535e+00
8.940991759300231934e-02,5.394554138183593750e-01,-3.918387293815612793e-01,-1.232786104083061218e-02,9.476506710052490234e-01,-6.844245791435241699e-01,1.037954166531562805e-01,5.957130789756774902e-01,-1.468533635139465332e+00,1.500051468610763550e-01,5.464291572570800781e-01,-1.673955082893371582e+00,1.650654524564743042e-01,5.437703728675842285e-01,-1.537560224533081055e+00,1.640453040599822998e-01,6.065000295639038086e-01,-1.440506815910339355e+00
8.982769399881362915e-02,5.388607382774353027e-01,-3.920148909091949463e-01,-1.193417981266975403e-02,9.474707245826721191e-01,-6.843494772911071777e-01,1.036769747734069824e-01,5.955460071563720703e-01,-1.467832446098327637e+00,1.501175165176391602e-01,5.467633605003356934e-01,-1.673772692680358887e+00,1.652781367301940918e-01,5.432175397872924805e-01,-1.535767674446105957e+00,1.641637086868286133e-01,6.063843369483947754e-01,-1.439479947090148926e+00
9.025093913078308105e-02,5.382593274116516113e-01,-3.921918869018554688e-01,-1.153244916349649429e-02,9.472736120223999023e-01,-6.842747926712036133e-01,1.035445258021354675e-01,5.953772068023681641e-01,-1.467120528221130371e+00,1.502252519130706787e-01,5.470876097679138184e-01,-1.673583149909973145e+00,1.654923856258392334e-01,5.426635742187500000e-01,-1.533960342407226562e+00,1.642680317163467407e-01,6.062669157981872559e-01,-1.438445568084716797e+00
9.067948162555694580e-02,5.376513004302978516e-01,-3.923697173595428467e-01,-1.112260203808546066e-02,9.470591545104980469e-01,-6.842004060745239258e-01,1.033974215388298035e-01,5.952066183090209961e-01,-1.466397762298583984e+00,1.503279209136962891e-01,5.474020838737487793e-01,-1.673385739326477051e+00,1.657080650329589844e-01,5.421087145805358887e-01,-1.532137989997863770e+00,1.643573045730590820e-01,6.061480641365051270e-01,-1.437403678894042969e+00
9.111317247152328491e-02,5.370365381240844727e-01,-3.925485014915466309e-01,-1.070452388375997543e-02,9.468274712562561035e-01,-6.841263771057128906e-01,1.032349616289138794e-01,5.950341820716857910e-01,-1.465664386749267578e+00,1.504250317811965942e-01,5.477069020271301270e-01,-1.673180937767028809e+00,1.659249961376190186e-01,5.415527224540710449e-01,-1.530301213264465332e+00,1.644305884838104248e-01,6.060276031494140625e-01,-1.436354279518127441e+00
9.155189245939254761e-02,5.364150404930114746e-01,-3.927281498908996582e-01,-1.027813926339149475e-02,9.465786218643188477e-01,-6.840527653694152832e-01,1.030564308166503906e-01,5.948600172996520996e-01,-1.464919924736022949e+00,1.505161076784133911e-01,5.480020642280578613e-01,-1.672968387603759766e+00,1.661430597305297852e-01,5.409957766532897949e-01,-1.528449892997741699e+00,1.644868850708007812e-01,6.059056520462036133e-01,-1.435297489166259766e+00
9.199545532464981079e-02,5.357868075370788574e-01,-3.929086625576019287e-01,-9.843335486948490143e-03,9.463124275207519531e-01,-6.839794516563415527e-01,1.028611212968826294e-01,5.946841239929199219e-01,-1.464164495468139648e+00,1.506006270647048950e-01,5.482876896858215332e-01,-1.672748088836669922e+00,1.663620620965957642e-01,5.404378175735473633e-01,-1.526584267616271973e+00,1.645252108573913574e-01,6.057820916175842285e-01,-1.434232950210571289e+00
9.244370460510253906e-02,5.351518392562866211e-01,-3.930900990962982178e-01,-9.400030598044395447e-03,9.460290670394897461e-01,-6.839065551757812500e-01,1.026482954621315002e-01,5.945063829421997070e-01,-1.463398218154907227e+00,1.506780683994293213e-01,5.485638976097106934e-01,-1.672519803047180176e+00,1.665818244218826294e-01,5.398788452148437500e-01,-1.524704813957214355e+00,1.645445227622985840e-01,6.056570410728454590e-01,-1.433161377906799316e+00
9.289651364088058472e-02,5.345101356506347656e-01,-3.932724595069885254e-01,-8.948130533099174500e-03,9.457283616065979004e-01,-6.838339567184448242e-01,1.024172157049179077e-01,5.943269133567810059e-01,-1.462620854377746582e+00,1.507478803396224976e-01,5.488309264183044434e-01,-1.672283649444580078e+00,1.668021678924560547e-01,5.393189191818237305e-01,-1.522811293601989746e+00,1.645437777042388916e-01,6.055305004119873047e-01,-1.432082295417785645e+00
9.335371106863021851e-02,5.338616371154785156e-01,-3.934557735919952393e-01,-8.487553335726261139e-03,9.454103708267211914e-01,-6.837617158889770508e-01,1.021671146154403687e-01,5.941456556320190430e-01,-1.461832284927368164e+00,1.508094519376754761e-01,5.490885972976684570e-01,-1.672039628028869629e+00,1.670228838920593262e-01,5.387579798698425293e-01,-1.520904064178466797e+00,1.645218431949615479e-01,6.054024696350097656e-01,-1.430995702743530273e+00
9.381515532732009888e-02,5.332064032554626465e-01,-3.936399817466735840e-01,-8.018205873668193817e-03,9.450751543045043945e-01,-6.836898922920227051e-01,1.018971949815750122e-01,5.939626097679138184e-01,-1.461032629013061523e+00,1.508622467517852783e-01,5.493372082710266113e-01,-1.671787261962890625e+00,1.672437638044357300e-01,5.381960272789001465e-01,-1.518983602523803711e+00,1.644776165485382080e-01,6.052730083465576172e-01,-1.429901838302612305e+00
9.428070485591888428e-02,5.325444340705871582e-01,-3.938252031803131104e-01,-7.539968937635421753e-03,9.447227120399475098e-01,-6.836184263229370117e-01,1.016067191958427429e-01,5.937778949737548828e-01,-1.460221886634826660e+00,1.509056240320205688e-01,5.495767593383789062e-01,-1.671526670455932617e+00,1.674645841121673584e-01,5.376331210136413574e-01,-1.517049789428710938e+00,1.644100099802017212e-01,6.051419973373413086e-01,-1.428800702095031738e+00
9.475020319223403931e-02,5.318756103515625000e-01,-3.940113782882690430e-01,-7.052813190966844559e-03,9.443529844284057617e-01,-6.835472583770751953e-01,1.012948602437973022e-01,5.935913324356079102e-01,-1.459399819374084473e+00,1.509389281272888184e-01,5.498074293136596680e-01,-1.671257972717285156e+00,1.676851063966751099e-01,5.370692014694213867e-01,-1.515102863311767578e+00,1.643178015947341919e-01,6.050094962120056152e-01,-1.427692413330078125e+00
9.522349387407302856e-02,5.312001109123229980e-01,-3.941985070705413818e-01,-6.556611973792314529e-03,9.439659714698791504e-01,-6.834764480590820312e-01,1.009608283638954163e-01,5.934031009674072266e-01,-1.458566665649414062e+00,1.509615182876586914e-01,5.500292181968688965e-01,-1.670980811119079590e+00,1.679050922393798828e-01,5.365043282508850098e-01,-1.513143301010131836e+00,1.641998142004013062e-01,6.048756837844848633e-01,-1.426576733589172363e+00
9.570046514272689819e-02,5.305178165435791016e-01,-3.943866193294525146e-01,-6.051283795386552811e-03,9.435616135597229004e-01,-6.834060549736022949e-01,1.006038039922714233e-01,5.932131409645080566e-01,-1.457722067832946777e+00,1.509727239608764648e-01,5.502423048019409180e-01,-1.670695185661315918e+00,1.681243032217025757e-01,5.359384417533874512e-01,-1.511171102523803711e+00,1.640548706054687500e-01,6.047403216361999512e-01,-1.425453901290893555e+00
9.618095308542251587e-02,5.298287868499755859e-01,-3.945757150650024414e-01,-5.536765325814485550e-03,9.431400299072265625e-01,-6.833360195159912109e-01,1.002229675650596619e-01,5.930213928222656250e-01,-1.456866264343261719e+00,1.509718298912048340e-01,5.504466891288757324e-01,-1.670401096343994141e+00,1.683424413204193115e-01,5.353716015815734863e-01,-1.509186506271362305e+00,1.638817042112350464e-01,6.046036481857299805e-01,-1.424323916435241699e+00
9.666482359170913696e-02,5.291330218315124512e-01,-3.947658240795135498e-01,-5.012949928641319275e-03,9.427010416984558105e-01,-6.832662820816040039e-01,9.981750696897506714e-02,5.928279757499694824e-01,-1.455999135971069336e+00,1.509581208229064941e-01,5.506425499916076660e-01,-1.670098304748535156e+00,1.685592681169509888e-01,5.348038077354431152e-01,-1.507189869880676270e+00,1.636791229248046875e-01,6.044654846191406250e-01,-1.423186779022216797e+00
9.715195000171661377e-02,5.284305810928344727e-01,-3.949570059776306152e-01,-4.479777999222278595e-03,9.422448873519897461e-01,-6.831969618797302246e-01,9.938657283782958984e-02,5.926327705383300781e-01,-1.455120682716369629e+00,1.509308367967605591e-01,5.508299469947814941e-01,-1.669786691665649414e+00,1.687744706869125366e-01,5.342350006103515625e-01,-1.505181312561035156e+00,1.634457856416702271e-01,6.043259501457214355e-01,-1.422042489051818848e+00
9.764219820499420166e-02,5.277214050292968750e-01,-3.951491117477416992e-01,-3.937160130590200424e-03,9.417715072631835938e-01,-6.831280589103698730e-01,9.892933815717697144e-02,5.924358963966369629e-01,-1.454230785369873047e+00,1.508892476558685303e-01,5.510089397430419922e-01,-1.669466376304626465e+00,1.689877361059188843e-01,5.336652994155883789e-01,-1.503161311149597168e+00,1.631804555654525757e-01,6.041849851608276367e-01,-1.420891404151916504e+00
9.813543409109115601e-02,5.270056128501892090e-01,-3.953423500061035156e-01,-3.385026240721344948e-03,9.412807226181030273e-01,-6.830594539642333984e-01,9.844497591257095337e-02,5.922373533248901367e-01,-1.453329443931579590e+00,1.508325338363647461e-01,5.511797070503234863e-01,-1.669137239456176758e+00,1.691987663507461548e-01,5.330946445465087891e-01,-1.501129984855651855e+00,1.628818362951278687e-01,6.040426492691040039e-01,-1.419733047485351562e+00
9.863153100013732910e-02,5.262831449508666992e-01,-3.955365419387817383e-01,-2.823290415108203888e-03,9.407725930213928223e-01,-6.829911470413208008e-01,9.793261438608169556e-02,5.920370221138000488e-01,-1.452416658401489258e+00,1.507599204778671265e-01,5.513421893119812012e-01,-1.668799042701721191e+00,1.694072633981704712e-01,5.325230360031127930e-01,-1.499087572097778320e+00,1.625485569238662720e-01,6.038990020751953125e-01,-1.418567776679992676e+00
9.913039207458496094e-02,5.255541205406188965e-01,-3.957318663597106934e-01,-2.251887694001197815e-03,9.402471780776977539e-01,-6.829232573509216309e-01,9.739146381616592407e-02,5.918350815773010254e-01,-1.451492428779602051e+00,1.506705582141876221e-01,5.514966845512390137e-01,-1.668451786041259766e+00,1.696128547191619873e-01,5.319504737854003906e-01,-1.497034430503845215e+00,1.621793508529663086e-01,6.037539839744567871e-01,-1.417395710945129395e+00
9.963187575340270996e-02,5.248184204101562500e-01,-3.959282338619232178e-01,-1.670737401582300663e-03,9.397045969963073730e-01,-6.828557848930358887e-01,9.682065248489379883e-02,5.916313529014587402e-01,-1.450556755065917969e+00,1.505636125802993774e-01,5.516431331634521484e-01,-1.668095350265502930e+00,1.698151975870132446e-01,5.313768982887268066e-01,-1.494970560073852539e+00,1.617728620767593384e-01,6.036075949668884277e-01,-1.416216731071472168e+00
1.001358702778816223e-01,5.240762829780578613e-01,-3.961256742477416992e-01,-1.079792622476816177e-03,9.391445517539978027e-01,-6.827886104583740234e-01,9.621936827898025513e-02,5.914260149002075195e-01,-1.449609637260437012e+00,1.504382193088531494e-01,5.517816543579101562e-01,-1.667729735374450684e+00,1.700139492750167847e-01,5.308024883270263672e-01,-1.492896556854248047e+00,1.613277196884155273e-01,6.034598946571350098e-01,-1.415030837059020996e+00
1.006422787904739380e-01,5.233276486396789551e-01,-3.963242173194885254e-01,-4.789365048054605722e-04,9.385672211647033691e-01,-6.827218532562255859e-01,9.558678418397903442e-02,5.912190079689025879e-01,-1.448650836944580078e+00,1.502935141324996948e-01,5.519123673439025879e-01,-1.667355060577392578e+00,1.702087074518203735e-01,5.302270650863647461e-01,-1.490812540054321289e+00,1.608425825834274292e-01,6.033108830451965332e-01,-1.413838267326354980e+00
1.011510044336318970e-01,5.225725769996643066e-01,-3.965238630771636963e-01,1.318414579145610332e-04,9.379726648330688477e-01,-6.826553940773010254e-01,9.492206573486328125e-02,5.910102725028991699e-01,-1.447680592536926270e+00,1.501285582780838013e-01,5.520353913307189941e-01,-1.666970610618591309e+00,1.703991293907165527e-01,5.296507477760314941e-01,-1.488719105720520020e+00,1.603161245584487915e-01,6.031605601310729980e-01,-1.412638902664184570e+00
1.016618981957435608e-01,5.218110084533691406e-01,-3.967245817184448242e-01,7.526270346716046333e-04,9.373608231544494629e-01,-6.825892925262451172e-01,9.422443062067031860e-02,5.907999277114868164e-01,-1.446698904037475586e+00,1.499424725770950317e-01,5.521507263183593750e-01,-1.666576862335205078e+00,1.705847531557083130e-01,5.290734767913818359e-01,-1.486615896224975586e+00,1.597469151020050049e-01,6.030089855194091797e-01,-1.411432862281799316e+00
1.021749228239059448e-01,5.210431814193725586e-01,-3.969264626502990723e-01,1.383487833663821220e-03,9.367317557334899902e-01,-6.825236082077026367e-01,9.349305927753448486e-02,5.905879139900207520e-01,-1.445705533027648926e+00,1.497343182563781738e-01,5.522584915161132812e-01,-1.666173577308654785e+00,1.707652360200881958e-01,5.284953117370605469e-01,-1.484503746032714844e+00,1.591336280107498169e-01,6.028559803962707520e-01,-1.410220146179199219e+00
1.026899591088294983e-01,5.202690362930297852e-01,-3.971294760704040527e-01,2.024473389610648155e-03,9.360852837562561035e-01,-6.824582815170288086e-01,9.272719174623489380e-02,5.903742313385009766e-01,-1.444700598716735840e+00,1.495031267404556274e-01,5.523588061332702637e-01,-1.665760636329650879e+00,1.709401309490203857e-01,5.279162526130676270e-01,-1.482382893562316895e+00,1.584749221801757812e-01,6.027018427848815918e-01,-1.409000992774963379e+00
1.032069325447082520e-01,5.194887518882751465e-01,-3.973335921764373779e-01,2.675648545846343040e-03,9.354217052459716797e-01,-6.823932528495788574e-01,9.192604571580886841e-02,5.901588797569274902e-01,-1.443684220314025879e+00,1.492479741573333740e-01,5.524516701698303223e-01,-1.665337920188903809e+00,1.711089909076690674e-01,5.273362398147583008e-01,-1.480253219604492188e+00,1.577694267034530640e-01,6.025464534759521484e-01,-1.407775163650512695e+00
1.037257239222526550e-01,5.187022686004638672e-01,-3.975389003753662109e-01,3.337062895298004150e-03,9.347408413887023926e-01,-6.823287010192871094e-01,9.108886867761611938e-02,5.899419188499450684e-01,-1.442656278610229492e+00,1.489678323268890381e-01,5.525373816490173340e-01,-1.664905548095703125e+00,1.712713986635208130e-01,5.267553925514221191e-01,-1.478115677833557129e+00,1.570157557725906372e-01,6.023897528648376465e-01,-1.406543016433715820e+00
1.042462885379791260e-01,5.179097056388854980e-01,-3.977454006671905518e-01,4.008757881820201874e-03,9.340426921844482422e-01,-6.822644472122192383e-01,9.021493047475814819e-02,5.897234082221984863e-01,-1.441616773605346680e+00,1.486617475748062134e-01,5.526157617568969727e-01,-1.664463162422180176e+00,1.714268773794174194e-01,5.261735320091247559e-01,-1.475970029830932617e+00,1.562126129865646362e-01,6.022318005561828613e-01,-1.405304312705993652e+00
1.047685444355010986e-01,5.171111226081848145e-01,-3.979530334472656250e-01,4.690801259130239487e-03,9.333273768424987793e-01,-6.822005510330200195e-01,8.930352330207824707e-02,5.895031690597534180e-01,-1.440565824508666992e+00,1.483287215232849121e-01,5.526870489120483398e-01,-1.664010882377624512e+00,1.715749800205230713e-01,5.255908370018005371e-01,-1.473816871643066406e+00,1.553586572408676147e-01,6.020725965499877930e-01,-1.404059171676635742e+00
1.052924022078514099e-01,5.163065791130065918e-01,-3.981618583202362061e-01,5.383237265050411224e-03,9.325949549674987793e-01,-6.821370124816894531e-01,8.835397660732269287e-02,5.892813801765441895e-01,-1.439503073692321777e+00,1.479677408933639526e-01,5.527513623237609863e-01,-1.663548588752746582e+00,1.717152148485183716e-01,5.250073075294494629e-01,-1.471656203269958496e+00,1.544525921344757080e-01,6.019122600555419922e-01,-1.402807950973510742e+00
1.058178097009658813e-01,5.154962539672851562e-01,-3.983718752861022949e-01,6.086099892854690552e-03,9.318453073501586914e-01,-6.820738911628723145e-01,8.736559003591537476e-02,5.890579819679260254e-01,-1.438428878784179688e+00,1.475777626037597656e-01,5.528086423873901367e-01,-1.663076043128967285e+00,1.718470901250839233e-01,5.244227647781372070e-01,-1.469488739967346191e+00,1.534930914640426636e-01,6.017506718635559082e-01,-1.401550412178039551e+00
1.063446924090385437e-01,5.146801471710205078e-01,-3.985830843448638916e-01,6.799430120736360550e-03,9.310785531997680664e-01,-6.820110678672790527e-01,8.633776009082794189e-02,5.888329744338989258e-01,-1.437343358993530273e+00,1.471577882766723633e-01,5.528590679168701172e-01,-1.662593364715576172e+00,1.719701141119003296e-01,5.238373875617980957e-01,-1.467314481735229492e+00,1.524789035320281982e-01,6.015878319740295410e-01,-1.400286793708801270e+00
1.068730056285858154e-01,5.138584375381469727e-01,-3.987955451011657715e-01,7.523277308791875839e-03,9.302946925163269043e-01,-6.819486618041992188e-01,8.526988327503204346e-02,5.886064171791076660e-01,-1.436246037483215332e+00,1.467067897319793701e-01,5.529026985168457031e-01,-1.662100434303283691e+00,1.720837652683258057e-01,5.232511758804321289e-01,-1.465133786201477051e+00,1.514088064432144165e-01,6.014238595962524414e-01,-1.399016857147216797e+00
1.074026748538017273e-01,5.130311250686645508e-01,-3.990091979503631592e-01,8.257665671408176422e-03,9.294937849044799805e-01,-6.818865537643432617e-01,8.416137099266052246e-02,5.883782505989074707e-01,-1.435137271881103516e+00,1.462237089872360229e-01,5.529396533966064453e-01,-1.661597132682800293e+00,1.721875518560409546e-01,5.226640105247497559e-01,-1.462947130203247070e+00,1.502815335988998413e-01,6.012586951255798340e-01,-1.397740960121154785e+00
1.079336702823638916e-01,5.121983885765075684e-01,-3.992241322994232178e-01,9.002641774713993073e-03,9.286758303642272949e-01,-6.818248629570007324e-01,8.301169425249099731e-02,5.881485342979431152e-01,-1.434017062187194824e+00,1.457075476646423340e-01,5.529699921607971191e-01,-1.661083340644836426e+00,1.722809374332427979e-01,5.220760703086853027e-01,-1.460754632949829102e+00,1.490959525108337402e-01,6.010923981666564941e-01,-1.396459221839904785e+00
1.084659323096275330e-01,5.113603472709655762e-01,-3.994402885437011719e-01,9.758220985531806946e-03,9.278408885002136230e-01,-6.817635297775268555e-01,8.182033896446228027e-02,5.879172086715698242e-01,-1.432885289192199707e+00,1.451572030782699585e-01,5.529937744140625000e-01,-1.660559177398681641e+00,1.723633557558059692e-01,5.214871764183044434e-01,-1.458556771278381348e+00,1.478508561849594116e-01,6.009249091148376465e-01,-1.395171284675598145e+00
1.089994087815284729e-01,5.105170011520385742e-01,-3.996577262878417969e-01,1.052444521337747574e-02,9.269891381263732910e-01,-6.817025542259216309e-01,8.058686554431915283e-02,5.876843929290771484e-01,-1.431742191314697266e+00,1.445716917514801025e-01,5.530111193656921387e-01,-1.660024285316467285e+00,1.724342852830886841e-01,5.208974480628967285e-01,-1.456353783607482910e+00,1.465451568365097046e-01,6.007562875747680664e-01,-1.393877625465393066e+00
1.095340624451637268e-01,5.096686482429504395e-01,-3.998764157295227051e-01,1.130131166428327560e-02,9.261202812194824219e-01,-6.816419363021850586e-01,7.931082695722579956e-02,5.874499678611755371e-01,-1.430587530136108398e+00,1.439499855041503906e-01,5.530220866203308105e-01,-1.659478783607482910e+00,1.724931895732879639e-01,5.203068256378173828e-01,-1.454145908355712891e+00,1.451777964830398560e-01,6.005865335464477539e-01,-1.392578244209289551e+00
1.100698485970497131e-01,5.088152289390563965e-01,-4.000963866710662842e-01,1.208885386586189270e-02,9.252347946166992188e-01,-6.815816760063171387e-01,7.799186557531356812e-02,5.872141122817993164e-01,-1.429421663284301758e+00,1.432909965515136719e-01,5.530267357826232910e-01,-1.658922553062438965e+00,1.725394576787948608e-01,5.197154283523559570e-01,-1.451933503150939941e+00,1.437477320432662964e-01,6.004155874252319336e-01,-1.391273021697998047e+00
1.106067597866058350e-01,5.079569816589355469e-01,-4.003176093101501465e-01,1.288710348308086395e-02,9.243324995040893555e-01,-6.815218329429626465e-01,7.662960141897201538e-02,5.869766473770141602e-01,-1.428244233131408691e+00,1.425937414169311523e-01,5.530251860618591309e-01,-1.658355474472045898e+00,1.725725829601287842e-01,5.191231369972229004e-01,-1.449717164039611816e+00,1.422539651393890381e-01,6.002436280250549316e-01,-1.389962315559387207e+00
1.111447289586067200e-01,5.070940256118774414e-01,-4.005401730537414551e-01,1.369606982916593552e-02,9.234133958816528320e-01,-6.814623475074768066e-01,7.522375881671905518e-02,5.867376923561096191e-01,-1.427055597305297852e+00,1.418572366237640381e-01,5.530174970626831055e-01,-1.657777547836303711e+00,1.725919395685195923e-01,5.185300111770629883e-01,-1.447496652603149414e+00,1.406956166028976440e-01,6.000704169273376465e-01,-1.388645887374877930e+00
1.116837337613105774e-01,5.062264800071716309e-01,-4.007640480995178223e-01,1.451573427766561508e-02,9.224777221679687500e-01,-6.814031600952148438e-01,7.377411425113677979e-02,5.864971876144409180e-01,-1.425855517387390137e+00,1.410804241895675659e-01,5.530037283897399902e-01,-1.657188653945922852e+00,1.725969910621643066e-01,5.179360508918762207e-01,-1.445272684097290039e+00,1.390717923641204834e-01,5.998961925506591797e-01,-1.387324094772338867e+00
1.122237965464591980e-01,5.053545236587524414e-01,-4.009892046451568604e-01,1.534612383693456650e-02,9.215255379676818848e-01,-6.813443899154663086e-01,7.228041440248489380e-02,5.862553119659423828e-01,-1.424644112586975098e+00,1.402623355388641357e-01,5.529839992523193359e-01,-1.656588673591613770e+00,1.725871115922927856e-01,5.173413753509521484e-01,-1.443045496940612793e+00,1.373816728591918945e-01,5.997210144996643066e-01,-1.385996818542480469e+00
1.127648502588272095e-01,5.044782757759094238e-01,-4.012157320976257324e-01,1.618727669119834900e-02,9.205567836761474609e-01,-6.812859177589416504e-01,7.074254006147384644e-02,5.860117673873901367e-01,-1.423421502113342285e+00,1.394019871950149536e-01,5.529584288597106934e-01,-1.655977725982666016e+00,1.725617349147796631e-01,5.167456865310668945e-01,-1.440815448760986328e+00,1.356244981288909912e-01,5.995445847511291504e-01,-1.384664177894592285e+00
1.133068725466728210e-01,5.035979151725769043e-01,-4.014435708522796631e-01,1.703914813697338104e-02,9.195716977119445801e-01,-6.812278628349304199e-01,6.916039437055587769e-02,5.857668519020080566e-01,-1.422187685966491699e+00,1.384984403848648071e-01,5.529268980026245117e-01,-1.655355453491210938e+00,1.725202649831771851e-01,5.161492824554443359e-01,-1.438582539558410645e+00,1.337996274232864380e-01,5.993671417236328125e-01,-1.383326172828674316e+00
1.138498485088348389e-01,5.027135610580444336e-01,-4.016728103160858154e-01,1.790174096822738647e-02,9.185702204704284668e-01,-6.811702251434326172e-01,6.753388792276382446e-02,5.855203866958618164e-01,-1.420942664146423340e+00,1.375507414340972900e-01,5.528897047042846680e-01,-1.654721975326538086e+00,1.724621057510375977e-01,5.155519843101501465e-01,-1.436347484588623047e+00,1.319064050912857056e-01,5.991886258125305176e-01,-1.381983041763305664e+00
1.143937855958938599e-01,5.018254518508911133e-01,-4.019033312797546387e-01,1.877507381141185760e-02,9.175524711608886719e-01,-6.811128854751586914e-01,6.586306542158126831e-02,5.852725505828857422e-01,-1.419686555862426758e+00,1.365579962730407715e-01,5.528467893600463867e-01,-1.654077172279357910e+00,1.723866760730743408e-01,5.149539709091186523e-01,-1.434110522270202637e+00,1.299443393945693970e-01,5.990090370178222656e-01,-1.380634903907775879e+00
1.149386465549468994e-01,5.009337067604064941e-01,-4.021352529525756836e-01,1.965911686420440674e-02,9.165186882019042969e-01,-6.810559630393981934e-01,6.414795666933059692e-02,5.850232839584350586e-01,-1.418419241905212402e+00,1.355193108320236206e-01,5.527983307838439941e-01,-1.653421044349670410e+00,1.722933799028396606e-01,5.143550634384155273e-01,-1.431871533393859863e+00,1.279128938913345337e-01,5.988284945487976074e-01,-1.379281520843505859e+00
1.154844462871551514e-01,5.000385046005249023e-01,-4.023685455322265625e-01,2.055386826395988464e-02,9.154689311981201172e-01,-6.809993386268615723e-01,6.238866969943046570e-02,5.847725272178649902e-01,-1.417140960693359375e+00,1.344338059425354004e-01,5.527443289756774902e-01,-1.652753472328186035e+00,1.721815764904022217e-01,5.137554407119750977e-01,-1.429631352424621582e+00,1.258117407560348511e-01,5.986468791961669922e-01,-1.377923250198364258e+00
1.160311549901962280e-01,4.991400539875030518e-01,-4.026032090187072754e-01,2.145930007100105286e-02,9.144032001495361328e-01,-6.809431910514831543e-01,6.058536842465400696e-02,5.845202803611755371e-01,-1.415851712226867676e+00,1.333006620407104492e-01,5.526847839355468750e-01,-1.652074217796325684e+00,1.720506846904754639e-01,5.131549835205078125e-01,-1.427389979362487793e+00,1.236405447125434875e-01,5.984642505645751953e-01,-1.376560211181640625e+00
1.165787801146507263e-01,4.982385337352752686e-01,-4.028392732143402100e-01,2.237538807094097137e-02,9.133216142654418945e-01,-6.808872818946838379e-01,5.873825773596763611e-02,5.842667222023010254e-01,-1.414551615715026855e+00,1.321191042661666870e-01,5.526199340820312500e-01,-1.651383519172668457e+00,1.719001382589340210e-01,5.125536918640136719e-01,-1.425147771835327148e+00,1.213991343975067139e-01,5.982805490493774414e-01,-1.375192284584045410e+00
1.171273514628410339e-01,4.973340928554534912e-01,-4.030767381191253662e-01,2.330212481319904327e-02,9.122245311737060547e-01,-6.808318495750427246e-01,5.684765055775642395e-02,5.840117335319519043e-01,-1.413240432739257812e+00,1.308883130550384521e-01,5.525498390197753906e-01,-1.650681257247924805e+00,1.717293113470077515e-01,5.119516849517822266e-01,-1.422905087471008301e+00,1.190873384475708008e-01,5.980958938598632812e-01,-1.373819589614868164e+00
1.176767796277999878e-01,4.964269101619720459e-01,-4.033156037330627441e-01,2.423947304487228394e-02,9.111117720603942871e-01,-6.807765960693359375e-01,5.491376668214797974e-02,5.837553143501281738e-01,-1.411918520927429199e+00,1.296075731515884399e-01,5.524743199348449707e-01,-1.649967193603515625e+00,1.715376079082489014e-01,5.113488435745239258e-01,-1.420662164688110352e+00,1.167050600051879883e-01,5.979102253913879395e-01,-1.372442245483398438e+00
1.182271242141723633e-01,4.955173134803771973e-01,-4.035558700561523438e-01,2.518740482628345490e-02,9.099836349487304688e-01,-6.807218790054321289e-01,5.293707177042961121e-02,5.834975838661193848e-01,-1.410585761070251465e+00,1.282762289047241211e-01,5.523937940597534180e-01,-1.649241209030151367e+00,1.713244616985321045e-01,5.107452273368835449e-01,-1.418419241905212402e+00,1.142524406313896179e-01,5.977236628532409668e-01,-1.371060490608215332e+00
1.187784075736999512e-01,4.946054220199584961e-01,-4.037976264953613281e-01,2.614592202007770538e-02,9.088402390480041504e-01,-6.806675195693969727e-01,5.091799795627593994e-02,5.832384228706359863e-01,-1.409242272377014160e+00,1.268936246633529663e-01,5.523080825805664062e-01,-1.648503541946411133e+00,1.710892915725708008e-01,5.101408958435058594e-01,-1.416176795959472656e+00,1.117296367883682251e-01,5.975360274314880371e-01,-1.369674086570739746e+00
1.193305924534797668e-01,4.936914741992950439e-01,-4.040407538414001465e-01,2.711489982903003693e-02,9.076817631721496582e-01,-6.806134581565856934e-01,4.885694757103919983e-02,5.829778909683227539e-01,-1.407888174057006836e+00,1.254591196775436401e-01,5.522174835205078125e-01,-1.647753953933715820e+00,1.708314567804336548e-01,5.095357298851013184e-01,-1.413934826850891113e+00,1.091367676854133606e-01,5.973474383354187012e-01,-1.368283510208129883e+00
1.198836863040924072e-01,4.927755892276763916e-01,-4.042853415012359619e-01,2.809437923133373260e-02,9.065082669258117676e-01,-6.805598139762878418e-01,4.675452411174774170e-02,5.827160477638244629e-01,-1.406523466110229492e+00,1.239721775054931641e-01,5.521217584609985352e-01,-1.646992444992065430e+00,1.705504655838012695e-01,5.089298486709594727e-01,-1.411693692207336426e+00,1.064743027091026306e-01,5.971578955650329590e-01,-1.366888642311096191e+00
1.204377487301826477e-01,4.918581247329711914e-01,-4.045313596725463867e-01,2.908428199589252472e-02,9.053200483322143555e-01,-6.805064678192138672e-01,4.461130499839782715e-02,5.824528336524963379e-01,-1.405148148536682129e+00,1.224323064088821411e-01,5.520212650299072266e-01,-1.646218895912170410e+00,1.702456921339035034e-01,5.083232522010803223e-01,-1.409453749656677246e+00,1.037426143884658813e-01,5.969674587249755859e-01,-1.365489363670349121e+00
1.209926977753639221e-01,4.909392893314361572e-01,-4.047788381576538086e-01,3.008454106748104095e-02,9.041171669960021973e-01,-6.804535984992980957e-01,4.242788627743721008e-02,5.821883082389831543e-01,-1.403762459754943848e+00,1.208390370011329651e-01,5.519158840179443359e-01,-1.645433187484741211e+00,1.699166595935821533e-01,5.077159404754638672e-01,-1.407215237617492676e+00,1.009422689676284790e-01,5.967760682106018066e-01,-1.364086151123046875e+00
1.215486004948616028e-01,4.900192320346832275e-01,-4.050278067588806152e-01,3.109515085816383362e-02,9.028997421264648438e-01,-6.804010272026062012e-01,4.020495712757110596e-02,5.819224119186401367e-01,-1.402366399765014648e+00,1.191919893026351929e-01,5.518056750297546387e-01,-1.644635438919067383e+00,1.695627272129058838e-01,5.071077942848205566e-01,-1.404978513717651367e+00,9.807386249303817749e-02,5.965837240219116211e-01,-1.362678885459899902e+00
1.221054717898368835e-01,4.890981912612915039e-01,-4.052782058715820312e-01,3.211601451039314270e-02,9.016681313514709473e-01,-6.803488135337829590e-01,3.794326260685920715e-02,5.816552042961120605e-01,-1.400959968566894531e+00,1.174907162785530090e-01,5.516909360885620117e-01,-1.643825531005859375e+00,1.691834181547164917e-01,5.064988732337951660e-01,-1.402743577957153320e+00,9.513818472623825073e-02,5.963904857635498047e-01,-1.361267566680908203e+00
1.226633191108703613e-01,4.881764650344848633e-01,-4.055300951004028320e-01,3.314709663391113281e-02,9.004224538803100586e-01,-6.802970170974731445e-01,3.564351424574851990e-02,5.813866853713989258e-01,-1.399543285369873047e+00,1.157350018620491028e-01,5.515714287757873535e-01,-1.643003463745117188e+00,1.687781661748886108e-01,5.058892965316772461e-01,-1.400511026382446289e+00,9.213601797819137573e-02,5.961962938308715820e-01,-1.359852552413940430e+00
1.232221201062202454e-01,4.872543215751647949e-01,-4.057834446430206299e-01,3.418829664587974548e-02,8.991628289222717285e-01,-6.802455782890319824e-01,3.330665081739425659e-02,5.811170339584350586e-01,-1.398116469383239746e+00,1.139246076345443726e-01,5.514475703239440918e-01,-1.642168998718261719e+00,1.683464944362640381e-01,5.052790045738220215e-01,-1.398280858993530273e+00,8.906842768192291260e-02,5.960012078285217285e-01,-1.358433723449707031e+00
1.237819194793701172e-01,4.863318800926208496e-01,-4.060382843017578125e-01,3.523962944746017456e-02,8.978895545005798340e-01,-6.801944971084594727e-01,3.093338012695312500e-02,5.808459520339965820e-01,-1.396679520606994629e+00,1.120593473315238953e-01,5.513190627098083496e-01,-1.641322016716003418e+00,1.678879112005233765e-01,5.046679377555847168e-01,-1.396053433418273926e+00,8.593635261058807373e-02,5.958052873611450195e-01,-1.357011437416076660e+00
1.243427395820617676e-01,4.854094684123992920e-01,-4.062946140766143799e-01,3.630097955465316772e-02,8.966029286384582520e-01,-6.801437139511108398e-01,2.852463349699974060e-02,5.805736780166625977e-01,-1.395232558250427246e+00,1.101390793919563293e-01,5.511861443519592285e-01,-1.640462756156921387e+00,1.674019098281860352e-01,5.040562152862548828e-01,-1.393828868865966797e+00,8.274094760417938232e-02,5.956084132194519043e-01,-1.355585336685180664e+00
1.249045431613922119e-01,4.844873845577239990e-01,-4.065524041652679443e-01,3.737222775816917419e-02,8.953029513359069824e-01,-6.800933480262756348e-01,2.608143910765647888e-02,5.803001523017883301e-01,-1.393775701522827148e+00,1.081638187170028687e-01,5.510488748550415039e-01,-1.639591097831726074e+00,1.668880134820938110e-01,5.034437775611877441e-01,-1.391607522964477539e+00,7.948354631662368774e-02,5.954107046127319336e-01,-1.354155898094177246e+00
1.254674047231674194e-01,4.835657775402069092e-01,-4.068117439746856689e-01,3.845338523387908936e-02,8.939899206161499023e-01,-6.800433993339538574e-01,2.360465005040168762e-02,5.800253152847290039e-01,-1.392308950424194336e+00,1.061334684491157532e-01,5.509072542190551758e-01,-1.638706803321838379e+00,1.663457751274108887e-01,5.028305649757385254e-01,-1.389389634132385254e+00,7.616537809371948242e-02,5.952121019363403320e-01,-1.352723121643066406e+00
1.260313540697097778e-01,4.826450049877166748e-01,-4.070725739002227783e-01,3.954430669546127319e-02,8.926640748977661133e-01,-6.799937486648559570e-01,2.109528891742229462e-02,5.797492861747741699e-01,-1.390832424163818359e+00,1.040481626987457275e-01,5.507615208625793457e-01,-1.637810230255126953e+00,1.657747775316238403e-01,5.022167563438415527e-01,-1.387175440788269043e+00,7.278798520565032959e-02,5.950126647949218750e-01,-1.351286888122558594e+00
1.265963315963745117e-01,4.817252755165100098e-01,-4.073349237442016602e-01,4.064494371414184570e-02,8.913258314132690430e-01,-6.799445152282714844e-01,1.855439879000186920e-02,5.794721245765686035e-01,-1.389346241950988770e+00,1.019080728292465210e-01,5.506115555763244629e-01,-1.636900901794433594e+00,1.651745736598968506e-01,5.016021728515625000e-01,-1.384964942932128906e+00,6.935288012027740479e-02,5.948123931884765625e-01,-1.349847555160522461e+00
1.271623820066452026e-01,4.808068275451660156e-01,-4.075987637042999268e-01,4.175516590476036072e-02,8.899752497673034668e-01,-6.798956394195556641e-01,1.598303578794002533e-02,5.791936516761779785e-01,-1.387850403785705566e+00,9.971333295106887817e-02,5.504574179649353027e-01,-1.635978817939758301e+00,1.645447164773941040e-01,5.009869337081909180e-01,-1.382758736610412598e+00,6.586159765720367432e-02,5.946112275123596191e-01,-1.348405241966247559e+00
1.277295649051666260e-01,4.798899590969085693e-01,-4.078640937805175781e-01,4.287495464086532593e-02,8.886126279830932617e-01,-6.798471212387084961e-01,1.338227745145559311e-02,5.789141058921813965e-01,-1.386345148086547852e+00,9.746425598859786987e-02,5.502992868423461914e-01,-1.635044336318969727e+00,1.638849228620529175e-01,5.003709793090820312e-01,-1.380556702613830566e+00,6.231593713164329529e-02,5.944092273712158203e-01,-1.346959829330444336e+00
1.282978504896163940e-01,4.789749979972839355e-01,-4.081309437751770020e-01,4.400415346026420593e-02,8.872381448745727539e-01,-6.797989606857299805e-01,1.075315847992897034e-02,5.786333680152893066e-01,-1.384830474853515625e+00,9.516119211912155151e-02,5.501371026039123535e-01,-1.634096860885620117e+00,1.631947904825210571e-01,4.997544586658477783e-01,-1.378359079360961914e+00,5.871778354048728943e-02,5.942064523696899414e-01,-1.345511555671691895e+00
1.288672685623168945e-01,4.780621230602264404e-01,-4.083993434906005859e-01,4.514274373650550842e-02,8.858522176742553711e-01,-6.797512173652648926e-01,8.096904493868350983e-03,5.783513784408569336e-01,-1.383306503295898438e+00,9.280454367399215698e-02,5.499711036682128906e-01,-1.633136749267578125e+00,1.624739021062850952e-01,4.991371929645538330e-01,-1.376166343688964844e+00,5.506887659430503845e-02,5.940028429031372070e-01,-1.344060659408569336e+00
1.294378936290740967e-01,4.771516323089599609e-01,-4.086692631244659424e-01,4.629053175449371338e-02,8.844550848007202148e-01,-6.797038316726684570e-01,5.414536688476800919e-03,5.780682563781738281e-01,-1.381773352622985840e+00,9.039479494094848633e-02,5.498011708259582520e-01,-1.632163882255554199e+00,1.617220193147659302e-01,4.985192716121673584e-01,-1.373978495597839355e+00,5.137122049927711487e-02,5.937983989715576172e-01,-1.342606902122497559e+00
